{"name":"CreateFreshdeskTicketsForSalesforceCase","description":"<p>Create freshdesk tickets for each case created in salesforce</p>","template_schema":{"type":"object","title":"","properties":{"62a0c41c042da96b021f026c5fa0812f":{"title":"Connect to Freshdesk","type":"string","minLength":1,"connection":"freshdesk","propertyOrder":1,"__icon":"freshdesk","__path":[["Pu9ZgHlBy","a2","connection"]]},"98b4ebd6728181320df39a08e29c4cc0":{"type":"string","title":"Requester Email","minLength":1,"description":"Enter the email address of the requester. If no contact exists with this email address in your Freshdesk account, it will be added as a new contact","propertyOrder":3,"lookup":{"service":"freshdesk","id":"f11","searchable":false,"enabled":true,"auth":"connection","dependencies":["connection"],"__dependencies":[{"key":"connection","path":"62a0c41c042da96b021f026c5fa0812f"}]},"__icon":"freshdesk","__path":[["Pu9ZgHlBy","a2","email"]]},"864c387539f90bacf82ac1f9d8226d96":{"title":"Status","type":"string","minLength":1,"description":"Select the status of the ticket.","lookup":{"service":"freshdesk","id":"f13","searchable":false,"enabled":true,"auth":"connection","dependencies":["connection"],"__dependencies":[{"key":"connection","path":"62a0c41c042da96b021f026c5fa0812f"}]},"propertyOrder":5,"__icon":"freshdesk","__path":[["Pu9ZgHlBy","a2","status"]]},"80fe8da46445a241ebfd6bf19eb3a96b":{"title":"Authorize Salesforce","type":"string","oauth":"salesforcev3","minLength":1,"propertyOrder":6,"__icon":"salesforce","__path":[["Pu9ZgHlBy","a0","AccessToken"]]},"1b5e418392369c4421ed5c6c18583c44":{"title":"Sort by Field","description":"Select/specify the name of the field by which you wish to sort the response","type":"string","lookup":{"service":"salesforce_v1","id":"s21","auth":"oauth","enabled":true,"dependencies":["AccessToken"],"__dependencies":[{"key":"AccessToken","path":"80fe8da46445a241ebfd6bf19eb3a96b"}]},"__icon":"salesforce","__path":[["Pu9ZgHlBy","a0","SortFields"]],"propertyOrder":7}}},"icons":["freshdesk","salesforce"],"connectors":["Freshdesk","Salesforce"],"flow_params":[],"project_params":[],"recipeVersion":1,"flow":{"_id":"5d0d599745469b007aa0cb09","configurations":{"debugger":false,"live_visualization":true,"container_size":256,"canvas_settings":{"zoom":0.8,"top":-8454,"left":-8039},"is_webhook":false,"is_webhook_auth":false,"params":[]},"trigger":{"active":false,"handlers":[]},"draft":false,"flow_version":1,"activity_icons":["freshdesk","freshdesk","salesforce"],"transform":[],"name":"CreateFreshdeskTicketsForSalesforceCase","project_uid":"fl981fb18efb677dc83c4349","tenant_uid":"fl9eb051ed0f968829e6d0c2","action_schema":[{"id":"start","type":"start","label":"Start","position":{"x":167.5,"y":140.5},"category":"special","help":"Start point of Flow","next":["c0"],"prev":null,"output":[],"start":true},{"id":"stop","type":"stop","label":"Stop","position":{"x":1086.75,"y":163.5},"category":"special","help":"End point of Flow","next":null,"prev":["c3"],"output":[]},{"category":"default","published":false,"hide_settings":false,"marketing_category":[],"uid":"act5b9c11c345c41102bf02a5","name":"condition","input":"{\"title\":\"Condition Activity\",\"description\":\"Only flow continue when\",\"type\":\"object\",\"properties\":{\"or\":{\"type\":\"array\",\"title\":\"Conditions\",\"items\":{\"type\":\"object\",\"title\":\"Condition\",\"properties\":{\"and\":{\"type\":\"array\",\"title\":\"Filters\",\"items\":{\"type\":\"object\",\"title\":\"Filter\",\"format\":\"table\",\"properties\":{\"input\":{\"type\":\"string\",\"title\":\"Input\",\"minLength\":1},\"operator\":{\"title\":\"Condition\",\"description\":\"Select proper condition\",\"type\":\"string\",\"enum\":[\"(Text) Matches\",\"(Text) Exactly Matches\",\"(Text) Does Not Match\",\"(Text) Does Not Exactly Match\",\"(Text) Contains\",\"(Text) Does Not Contain\",\"(Text) Starts With\",\"(Text) Does Not Start With\",\"(Text) Ends With\",\"(Text) Does Not End With\",\"(Text) Is Alphanumeric\",\"(Text) Is Empty\",\"(Number) Equals\",\"(Number) Not Equals\",\"(Number) Greater Than\",\"(Number) Greater Than Equals\",\"(Number) Less Than\",\"(Number) Less Than Equals\",\"(Number) Is Negative\",\"(Number) Is Positive\",\"(Date/Time) Equals\",\"(Date/Time) Less Than\",\"(Date/Time) Less Than Equals\",\"(Date/Time) Greater Than\",\"(Date/Time) Greater Than Equals\",\"(Array) Length Equals\",\"(Array) Length Does Not Equals\",\"(Array) Length Less Than\",\"(Array) Length Less Than Equals\",\"(Array) Length Greater Than\",\"(Array) Length Greater Than Equals\",\"(Array) Is Empty\",\"(Array) Contains All Object\",\"(Array) Contains All String\",\"(Array) Contains All Number\",\"(Array) Contains All Object And Has This Property\",\"(Object) Has Property\",\"(Object) Does Not Have Property\",\"(Object) Is Empty\",\"(Regex) Match Pattern\",\"(Boolean) Is Value True\",\"(Boolean) Is Value False\",\"(Input) Exists\",\"(Input) Does Not Exist\",\"(Input) Is Null\",\"(Input) Is String\",\"(Input) Is Number\",\"(Input) Is Date\",\"(Input) Is An Array\",\"(Input) Is An Object\",\"(Input) Is Boolean\",\"(Input) Data Type Is\"]},\"expected\":{\"type\":\"string\",\"title\":\"Expected\",\"description\":\"Value you are expecting, default value is true incase of condition start with Is\"}}}}}}}}}","output":"{\"title\":\"output\",\"type\":\"object\",\"properties\":{\"fields\":{\"type\":\"array\",\"title\":\"fields\",\"items\":{\"type\":\"object\"}},\"error\":{\"type\":\"string\",\"title\":\"error\"}}}","usage":{"html":"Allows you to check conditions.","link":{"title":"Help","href":"https://flowdocs.built.io/concepts/conditions"}},"version":"v3","icon":"condition","act_type":"default","title":"Condition","provider":"Internal Only","next":["a0"],"prev":["start"],"id":"c0","type":"condition","label":"condition","datsetConnectionDetachableition":{},"json":"{\"title\":\"Condition Activity\",\"description\":\"Only flow continue when\",\"type\":\"object\",\"properties\":{\"or\":{\"type\":\"array\",\"title\":\"Conditions\",\"items\":{\"type\":\"object\",\"title\":\"Condition\",\"properties\":{\"and\":{\"type\":\"array\",\"title\":\"Filters\",\"items\":{\"type\":\"object\",\"title\":\"Filter\",\"format\":\"table\",\"properties\":{\"input\":{\"type\":\"string\",\"title\":\"Input\",\"minLength\":1},\"operator\":{\"title\":\"Condition\",\"description\":\"Select proper condition\",\"type\":\"string\",\"enum\":[\"(Text) Matches\",\"(Text) Exactly Matches\",\"(Text) Does Not Match\",\"(Text) Does Not Exactly Match\",\"(Text) Contains\",\"(Text) Does Not Contain\",\"(Text) Starts With\",\"(Text) Does Not Start With\",\"(Text) Ends With\",\"(Text) Does Not End With\",\"(Text) Is Alphanumeric\",\"(Text) Is Empty\",\"(Number) Equals\",\"(Number) Not Equals\",\"(Number) Greater Than\",\"(Number) Greater Than Equals\",\"(Number) Less Than\",\"(Number) Less Than Equals\",\"(Number) Is Negative\",\"(Number) Is Positive\",\"(Date/Time) Equals\",\"(Date/Time) Less Than\",\"(Date/Time) Less Than Equals\",\"(Date/Time) Greater Than\",\"(Date/Time) Greater Than Equals\",\"(Array) Length Equals\",\"(Array) Length Does Not Equals\",\"(Array) Length Less Than\",\"(Array) Length Less Than Equals\",\"(Array) Length Greater Than\",\"(Array) Length Greater Than Equals\",\"(Array) Is Empty\",\"(Array) Contains All Object\",\"(Array) Contains All String\",\"(Array) Contains All Number\",\"(Array) Contains All Object And Has This Property\",\"(Object) Has Property\",\"(Object) Does Not Have Property\",\"(Object) Is Empty\",\"(Regex) Match Pattern\",\"(Boolean) Is Value True\",\"(Boolean) Is Value False\",\"(Input) Exists\",\"(Input) Does Not Exist\",\"(Input) Is Null\",\"(Input) Is String\",\"(Input) Is Number\",\"(Input) Is Date\",\"(Input) Is An Array\",\"(Input) Is An Object\",\"(Input) Is Boolean\",\"(Input) Data Type Is\"]},\"expected\":{\"type\":\"string\",\"title\":\"Expected\",\"description\":\"Value you are expecting, default value is true incase of condition start with Is\"}}}}}}}}}"},{"label":"Freshdesk","usage":{},"icon":"freshdesk","act_type":"default","provider":"Freshdesk","category":"service","position":{"x":1847.5,"y":25.1299999999992},"id":"a1","next":[],"prev":[],"hasError":false},{"category":"default","published":false,"hide_settings":false,"marketing_category":[],"uid":"act5b9c11c345c41102bf02a5","name":"condition","input":"{\"title\":\"Condition Activity\",\"description\":\"Only flow continue when\",\"type\":\"object\",\"properties\":{\"or\":{\"type\":\"array\",\"title\":\"Conditions\",\"items\":{\"type\":\"object\",\"title\":\"Condition\",\"properties\":{\"and\":{\"type\":\"array\",\"title\":\"Filters\",\"items\":{\"type\":\"object\",\"title\":\"Filter\",\"format\":\"table\",\"properties\":{\"input\":{\"type\":\"string\",\"title\":\"Input\",\"minLength\":1},\"operator\":{\"title\":\"Condition\",\"description\":\"Select proper condition\",\"type\":\"string\",\"enum\":[\"(Text) Matches\",\"(Text) Exactly Matches\",\"(Text) Does Not Match\",\"(Text) Does Not Exactly Match\",\"(Text) Contains\",\"(Text) Does Not Contain\",\"(Text) Starts With\",\"(Text) Does Not Start With\",\"(Text) Ends With\",\"(Text) Does Not End With\",\"(Text) Is Alphanumeric\",\"(Text) Is Empty\",\"(Number) Equals\",\"(Number) Not Equals\",\"(Number) Greater Than\",\"(Number) Greater Than Equals\",\"(Number) Less Than\",\"(Number) Less Than Equals\",\"(Number) Is Negative\",\"(Number) Is Positive\",\"(Date/Time) Equals\",\"(Date/Time) Less Than\",\"(Date/Time) Less Than Equals\",\"(Date/Time) Greater Than\",\"(Date/Time) Greater Than Equals\",\"(Array) Length Equals\",\"(Array) Length Does Not Equals\",\"(Array) Length Less Than\",\"(Array) Length Less Than Equals\",\"(Array) Length Greater Than\",\"(Array) Length Greater Than Equals\",\"(Array) Is Empty\",\"(Array) Contains All Object\",\"(Array) Contains All String\",\"(Array) Contains All Number\",\"(Array) Contains All Object And Has This Property\",\"(Object) Has Property\",\"(Object) Does Not Have Property\",\"(Object) Is Empty\",\"(Regex) Match Pattern\",\"(Boolean) Is Value True\",\"(Boolean) Is Value False\",\"(Input) Exists\",\"(Input) Does Not Exist\",\"(Input) Is Null\",\"(Input) Is String\",\"(Input) Is Number\",\"(Input) Is Date\",\"(Input) Is An Array\",\"(Input) Is An Object\",\"(Input) Is Boolean\",\"(Input) Data Type Is\"]},\"expected\":{\"type\":\"string\",\"title\":\"Expected\",\"description\":\"Value you are expecting, default value is true incase of condition start with Is\"}}}}}}}}}","output":"{\"title\":\"output\",\"type\":\"object\",\"properties\":{\"fields\":{\"type\":\"array\",\"title\":\"fields\",\"items\":{\"type\":\"object\"}},\"error\":{\"type\":\"string\",\"title\":\"error\"}}}","usage":{"html":"Allows you to check conditions.","link":{"title":"Help","href":"https://flowdocs.built.io/concepts/conditions"}},"version":"v3","icon":"condition","act_type":"default","title":"Condition","provider":"Internal Only","next":["a2"],"prev":["a0"],"id":"c2","type":"condition","label":"condition","datsetConnectionDetachableition":{},"json":"{\"title\":\"Condition Activity\",\"description\":\"Only flow continue when\",\"type\":\"object\",\"properties\":{\"or\":{\"type\":\"array\",\"title\":\"Conditions\",\"items\":{\"type\":\"object\",\"title\":\"Condition\",\"properties\":{\"and\":{\"type\":\"array\",\"title\":\"Filters\",\"items\":{\"type\":\"object\",\"title\":\"Filter\",\"format\":\"table\",\"properties\":{\"input\":{\"type\":\"string\",\"title\":\"Input\",\"minLength\":1},\"operator\":{\"title\":\"Condition\",\"description\":\"Select proper condition\",\"type\":\"string\",\"enum\":[\"(Text) Matches\",\"(Text) Exactly Matches\",\"(Text) Does Not Match\",\"(Text) Does Not Exactly Match\",\"(Text) Contains\",\"(Text) Does Not Contain\",\"(Text) Starts With\",\"(Text) Does Not Start With\",\"(Text) Ends With\",\"(Text) Does Not End With\",\"(Text) Is Alphanumeric\",\"(Text) Is Empty\",\"(Number) Equals\",\"(Number) Not Equals\",\"(Number) Greater Than\",\"(Number) Greater Than Equals\",\"(Number) Less Than\",\"(Number) Less Than Equals\",\"(Number) Is Negative\",\"(Number) Is Positive\",\"(Date/Time) Equals\",\"(Date/Time) Less Than\",\"(Date/Time) Less Than Equals\",\"(Date/Time) Greater Than\",\"(Date/Time) Greater Than Equals\",\"(Array) Length Equals\",\"(Array) Length Does Not Equals\",\"(Array) Length Less Than\",\"(Array) Length Less Than Equals\",\"(Array) Length Greater Than\",\"(Array) Length Greater Than Equals\",\"(Array) Is Empty\",\"(Array) Contains All Object\",\"(Array) Contains All String\",\"(Array) Contains All Number\",\"(Array) Contains All Object And Has This Property\",\"(Object) Has Property\",\"(Object) Does Not Have Property\",\"(Object) Is Empty\",\"(Regex) Match Pattern\",\"(Boolean) Is Value True\",\"(Boolean) Is Value False\",\"(Input) Exists\",\"(Input) Does Not Exist\",\"(Input) Is Null\",\"(Input) Is String\",\"(Input) Is Number\",\"(Input) Is Date\",\"(Input) Is An Array\",\"(Input) Is An Object\",\"(Input) Is Boolean\",\"(Input) Data Type Is\"]},\"expected\":{\"type\":\"string\",\"title\":\"Expected\",\"description\":\"Value you are expecting, default value is true incase of condition start with Is\"}}}}}}}}}"},{"category":"default","published":false,"hide_settings":false,"marketing_category":[],"uid":"act5b9c11c345c41102bf02a5","name":"condition","input":"{\"title\":\"Condition Activity\",\"description\":\"Only flow continue when\",\"type\":\"object\",\"properties\":{\"or\":{\"type\":\"array\",\"title\":\"Conditions\",\"items\":{\"type\":\"object\",\"title\":\"Condition\",\"properties\":{\"and\":{\"type\":\"array\",\"title\":\"Filters\",\"items\":{\"type\":\"object\",\"title\":\"Filter\",\"format\":\"table\",\"properties\":{\"input\":{\"type\":\"string\",\"title\":\"Input\",\"minLength\":1},\"operator\":{\"title\":\"Condition\",\"description\":\"Select proper condition\",\"type\":\"string\",\"enum\":[\"(Text) Matches\",\"(Text) Exactly Matches\",\"(Text) Does Not Match\",\"(Text) Does Not Exactly Match\",\"(Text) Contains\",\"(Text) Does Not Contain\",\"(Text) Starts With\",\"(Text) Does Not Start With\",\"(Text) Ends With\",\"(Text) Does Not End With\",\"(Text) Is Alphanumeric\",\"(Text) Is Empty\",\"(Number) Equals\",\"(Number) Not Equals\",\"(Number) Greater Than\",\"(Number) Greater Than Equals\",\"(Number) Less Than\",\"(Number) Less Than Equals\",\"(Number) Is Negative\",\"(Number) Is Positive\",\"(Date/Time) Equals\",\"(Date/Time) Less Than\",\"(Date/Time) Less Than Equals\",\"(Date/Time) Greater Than\",\"(Date/Time) Greater Than Equals\",\"(Array) Length Equals\",\"(Array) Length Does Not Equals\",\"(Array) Length Less Than\",\"(Array) Length Less Than Equals\",\"(Array) Length Greater Than\",\"(Array) Length Greater Than Equals\",\"(Array) Is Empty\",\"(Array) Contains All Object\",\"(Array) Contains All String\",\"(Array) Contains All Number\",\"(Array) Contains All Object And Has This Property\",\"(Object) Has Property\",\"(Object) Does Not Have Property\",\"(Object) Is Empty\",\"(Regex) Match Pattern\",\"(Boolean) Is Value True\",\"(Boolean) Is Value False\",\"(Input) Exists\",\"(Input) Does Not Exist\",\"(Input) Is Null\",\"(Input) Is String\",\"(Input) Is Number\",\"(Input) Is Date\",\"(Input) Is An Array\",\"(Input) Is An Object\",\"(Input) Is Boolean\",\"(Input) Data Type Is\"]},\"expected\":{\"type\":\"string\",\"title\":\"Expected\",\"description\":\"Value you are expecting, default value is true incase of condition start with Is\"}}}}}}}}}","output":"{\"title\":\"output\",\"type\":\"object\",\"properties\":{\"fields\":{\"type\":\"array\",\"title\":\"fields\",\"items\":{\"type\":\"object\"}},\"error\":{\"type\":\"string\",\"title\":\"error\"}}}","usage":{"html":"Allows you to check conditions.","link":{"title":"Help","href":"https://flowdocs.built.io/concepts/conditions"}},"version":"v3","icon":"condition","act_type":"default","title":"Condition","provider":"Internal Only","next":["stop"],"prev":["a2"],"id":"c3","type":"condition","label":"condition","datsetConnectionDetachableition":{},"json":"{\"title\":\"Condition Activity\",\"description\":\"Only flow continue when\",\"type\":\"object\",\"properties\":{\"or\":{\"type\":\"array\",\"title\":\"Conditions\",\"items\":{\"type\":\"object\",\"title\":\"Condition\",\"properties\":{\"and\":{\"type\":\"array\",\"title\":\"Filters\",\"items\":{\"type\":\"object\",\"title\":\"Filter\",\"format\":\"table\",\"properties\":{\"input\":{\"type\":\"string\",\"title\":\"Input\",\"minLength\":1},\"operator\":{\"title\":\"Condition\",\"description\":\"Select proper condition\",\"type\":\"string\",\"enum\":[\"(Text) Matches\",\"(Text) Exactly Matches\",\"(Text) Does Not Match\",\"(Text) Does Not Exactly Match\",\"(Text) Contains\",\"(Text) Does Not Contain\",\"(Text) Starts With\",\"(Text) Does Not Start With\",\"(Text) Ends With\",\"(Text) Does Not End With\",\"(Text) Is Alphanumeric\",\"(Text) Is Empty\",\"(Number) Equals\",\"(Number) Not Equals\",\"(Number) Greater Than\",\"(Number) Greater Than Equals\",\"(Number) Less Than\",\"(Number) Less Than Equals\",\"(Number) Is Negative\",\"(Number) Is Positive\",\"(Date/Time) Equals\",\"(Date/Time) Less Than\",\"(Date/Time) Less Than Equals\",\"(Date/Time) Greater Than\",\"(Date/Time) Greater Than Equals\",\"(Array) Length Equals\",\"(Array) Length Does Not Equals\",\"(Array) Length Less Than\",\"(Array) Length Less Than Equals\",\"(Array) Length Greater Than\",\"(Array) Length Greater Than Equals\",\"(Array) Is Empty\",\"(Array) Contains All Object\",\"(Array) Contains All String\",\"(Array) Contains All Number\",\"(Array) Contains All Object And Has This Property\",\"(Object) Has Property\",\"(Object) Does Not Have Property\",\"(Object) Is Empty\",\"(Regex) Match Pattern\",\"(Boolean) Is Value True\",\"(Boolean) Is Value False\",\"(Input) Exists\",\"(Input) Does Not Exist\",\"(Input) Is Null\",\"(Input) Is String\",\"(Input) Is Number\",\"(Input) Is Date\",\"(Input) Is An Array\",\"(Input) Is An Object\",\"(Input) Is Boolean\",\"(Input) Data Type Is\"]},\"expected\":{\"type\":\"string\",\"title\":\"Expected\",\"description\":\"Value you are expecting, default value is true incase of condition start with Is\"}}}}}}}}}"},{"label":"Create Ticket","usage":{"link":{"title":"Doc Link","href":"https://flowdocs.built.io/services/freshdesk"},"html":"Create a new ticket"},"icon":"freshdesk","act_type":"default","provider":"Freshdesk","category":"service","position":{"x":790,"y":102},"type":"freshdesk-ticket-create","id":"a2","next":["c3"],"prev":["c2"],"hasError":false,"original_label":"Freshdesk","published":true,"hide_settings":false,"marketing_category":["project management"],"uid":"actf46a40845b4d9166c099ce27fc7cecb5e223","name":"freshdesk-ticket-create","input":"{\"title\":\"Create Ticket\",\"type\":\"object\",\"properties\":{\"connection\":{\"title\":\"Connect to Freshdesk\",\"type\":\"string\",\"minLength\":1,\"connection\":\"freshdesk\",\"propertyOrder\":1},\"name\":{\"type\":\"string\",\"title\":\"Requester Name\",\"description\":\"Enter the name of the requester\",\"propertyOrder\":2},\"email\":{\"type\":\"string\",\"title\":\"Requester Email\",\"minLength\":1,\"description\":\"Enter the email address of the requester. If no contact exists with this email address in your Freshdesk account, it will be added as a new contact\",\"propertyOrder\":3,\"lookup\":{\"service\":\"freshdesk\",\"id\":\"f11\",\"searchable\":false,\"enabled\":true,\"auth\":\"connection\",\"dependencies\":[\"connection\"]}},\"subject\":{\"title\":\"Subject\",\"type\":\"string\",\"minLength\":1,\"description\":\"Enter the subject of the ticket you wish to create\",\"propertyOrder\":4},\"description\":{\"title\":\"Description\",\"type\":\"string\",\"format\":\"textarea\",\"minLength\":1,\"description\":\"Provide a short description of the ticket\",\"propertyOrder\":5},\"cc_emails\":{\"title\":\"Cc Emails\",\"type\":\"array\",\"description\":\"Enter the comma separated email addresses to whom you wish to send a copy of this ticket\",\"propertyOrder\":6,\"items\":{\"title\":\"Email\",\"type\":\"string\",\"lookup\":{\"service\":\"freshdesk\",\"id\":\"f11\",\"searchable\":false,\"enabled\":true,\"auth\":\"connection\",\"dependencies\":[\"connection\"]}}},\"status\":{\"title\":\"Status\",\"type\":\"string\",\"minLength\":1,\"description\":\"Select the status of the ticket.\",\"lookup\":{\"service\":\"freshdesk\",\"id\":\"f13\",\"searchable\":false,\"enabled\":true,\"auth\":\"connection\",\"dependencies\":[\"connection\"]},\"propertyOrder\":8},\"priority\":{\"title\":\"Priority\",\"type\":\"string\",\"minLength\":1,\"default\":\"Low\",\"enum\":[\"Low\",\"Medium\",\"High\",\"Urgent\"],\"select2\":{\"active\":true},\"description\":\"Select the priority of the ticket. The default value for this field is set to ‘Low’\",\"propertyOrder\":9},\"source\":{\"title\":\"Source\",\"type\":\"string\",\"default\":\"Portal\",\"enum\":[\"Email\",\"Portal\",\"Phone\",\"Chat\",\"MobiHelp\",\"Feedback Widget\",\"Outbound Email\"],\"select2\":{\"active\":true},\"description\":\"Select the channel through which the ticket was created. The default value for this field is set to ‘Portal’\",\"propertyOrder\":10},\"custom_fields\":{\"title\":\"Custom Fields\",\"type\":\"array\",\"description\":\"Key value pairs containing the names and values of custom fields\",\"propertyOrder\":11,\"minItems\":1,\"items\":{\"type\":\"object\",\"title\":\"Label Name\",\"properties\":{\"custom_key\":{\"title\":\"Field Name\",\"type\":\"string\",\"description\":\"Provide the name of the field you wish to add. The field name should be the same as field name in the <a target='blank' href='https://support.freshdesk.com/support/solutions/articles/216548'>UI/API</a> docs\"},\"custom_value\":{\"title\":\"Value\",\"type\":\"string\",\"description\":\"Enter the value for the specified UI field\"}}}},\"additional_params\":{\"title\":\"Additional Fields\",\"description\":\"(List of additional fields (key value fields) present in the UI of 'Freshdesk' service to be added)\",\"type\":\"array\",\"propertyOrder\":12,\"items\":{\"type\":\"object\",\"title\":\"Parameter\",\"properties\":{\"param_name\":{\"title\":\"Field Name\",\"type\":\"string\",\"description\":\"Provide the name of the field you wish to add. The field name should be the same as field name in the <a target= 'blank' href ='https://developers.freshdesk.com/api/#create_ticket'>UI/API</a> docs\"},\"param_value\":{\"title\":\"Value\",\"type\":\"string\",\"description\":\"Enter the value for the specified UI field\"}}}}}}","output":"{\"title\":\"output\",\"type\":\"object\",\"properties\":{\"cc_emails\":{\"title\":\"cc_emails\",\"type\":\"array\",\"displayTitle\":\"Ticket Cc Emails\",\"items\":{\"cc_email\":{\"title\":\"cc_email\",\"type\":\"string\"}}},\"fwd_emails\":{\"title\":\"fwd_emails\",\"type\":\"array\",\"displayTitle\":\"Forwarded Emails\",\"items\":{}},\"reply_cc_emails\":{\"title\":\"reply_cc_emails\",\"type\":\"array\",\"displayTitle\":\"Reply Cc Emails\",\"items\":{\"reply_email\":{\"title\":\"reply_cc_email\",\"type\":\"string\"}}},\"fr_escalated\":{\"title\":\"fr_escalated\",\"type\":\"boolean\",\"displayTitle\":\"From Escalated\"},\"spam\":{\"title\":\"spam\",\"type\":\"boolean\",\"displayTitle\":\"Is Spam\"},\"priority\":{\"title\":\"priority\",\"type\":\"number\",\"displayTitle\":\"Priority\"},\"priority_name\":{\"title\":\"priority_name\",\"type\":\"number\",\"displayTitle\":\"Priority Name\"},\"requester_id\":{\"title\":\"requester_id\",\"type\":\"number\",\"displayTitle\":\"Requester ID\"},\"requester_name\":{\"title\":\"requester_name\",\"type\":\"number\",\"displayTitle\":\"Requester Name\"},\"requester_email\":{\"title\":\"requester_email\",\"type\":\"number\",\"displayTitle\":\"Requester Email\"},\"source\":{\"title\":\"source\",\"type\":\"number\",\"displayTitle\":\"Source\"},\"source_name\":{\"title\":\"source_name\",\"type\":\"number\",\"displayTitle\":\"Source Name\"},\"status\":{\"title\":\"status\",\"type\":\"number\",\"displayTitle\":\"Ticket Status\"},\"status_name\":{\"title\":\"status_name\",\"type\":\"number\",\"displayTitle\":\"Status Name\"},\"subject\":{\"title\":\"subject\",\"type\":\"string\",\"displayTitle\":\"Subject\"},\"id\":{\"title\":\"id\",\"type\":\"number\",\"displayTitle\":\"Ticket ID\"},\"due_by\":{\"title\":\"due_by\",\"type\":\"string\",\"displayTitle\":\"Due By\"},\"fr_due_by\":{\"title\":\"fr_due_by\",\"type\":\"string\",\"displayTitle\":\"First Due By\"},\"is_escalated\":{\"title\":\"is_escalated\",\"type\":\"boolean\",\"displayTitle\":\"Is Escalated\"},\"description\":{\"title\":\"description\",\"type\":\"string\",\"displayTitle\":\"Description\"},\"description_text\":{\"title\":\"description_text\",\"type\":\"string\",\"displayTitle\":\"Description Text\"},\"custom_fields\":{\"title\":\"custom_fields\",\"type\":\"object\",\"displayTitle\":\"Custom Fields\",\"properties\":{}},\"created_at\":{\"title\":\"created_at\",\"type\":\"string\",\"displayTitle\":\"Created At\"},\"updated_at\":{\"title\":\"updated_at\",\"type\":\"string\",\"displayTitle\":\"Updated At\"},\"tags\":{\"title\":\"tags\",\"type\":\"array\",\"displayTitle\":\"Tags\",\"items\":{}},\"attachments\":{\"title\":\"attachments\",\"displayTitle\":\"Attachments\",\"type\":\"array\",\"items\":{\"title\":\"items\",\"type\":\"object\",\"properties\":{\"id\":{\"title\":\"id\",\"type\":\"string\",\"displayTitle\":\"Attachment ID\"},\"content_type\":{\"title\":\"content_type\",\"type\":\"string\",\"displayTitle\":\"Attachment Content Type\"},\"size\":{\"title\":\"size\",\"type\":\"string\",\"displayTitle\":\"Attachment Size\"},\"name\":{\"title\":\"name\",\"type\":\"string\",\"displayTitle\":\"Attachment Name\"},\"attachment_url\":{\"title\":\"attachment_url\",\"type\":\"string\",\"displayTitle\":\"Attachment URL\"},\"created_at\":{\"title\":\"created_at\",\"type\":\"string\",\"displayTitle\":\"Attachment Created At\"},\"updated_at\":{\"title\":\"updated_at\",\"type\":\"string\",\"displayTitle\":\"Attachment Updated At\"}}}}}}","version":"v4","title":"Create Ticket"},{"label":"Get Tasks","usage":{"link":{"title":"Doc link","href":"https://flowdocs.built.io/services/salesforce"},"html":"Fetch the list of all saved tasks"},"icon":"salesforce","act_type":"default","provider":"Salesforce","category":"service","position":{"x":540,"y":87.5},"type":"salesforce-tasks-get","id":"a0","next":["c2"],"prev":["c0"],"hasError":false,"original_label":"Salesforce","published":true,"hide_settings":false,"marketing_category":["sales & marketing","featured"],"uid":"actad647a4dc32fed979f1075da4baae986f5de","name":"salesforce-tasks-get","input":"{\"title\":\"Get Tasks\",\"type\":\"object\",\"properties\":{\"AccessToken\":{\"title\":\"Authorize Salesforce\",\"type\":\"string\",\"oauth\":\"salesforcev3\",\"minLength\":1,\"propertyOrder\":1},\"Criteria\":{\"title\":\"Search Criteria\",\"description\":\"Select the search criteria to be applied on the filter data\",\"type\":\"string\",\"enum\":[\"Match All Filters\",\"Match Atleast One Filter\"],\"select2\":{\"active\":true}},\"Filter\":{\"title\":\"Filter\",\"type\":\"array\",\"items\":{\"title\":\"Filter\",\"type\":\"object\",\"properties\":{\"Name\":{\"title\":\"Field Name\",\"description\":\"Select/specify the field name for which you wish to apply this filter\",\"type\":\"string\",\"minLength\":1,\"lookup\":{\"service\":\"salesforce_v1\",\"id\":\"s20\",\"auth\":\"oauth\",\"enabled\":true,\"dependencies\":[\"AccessToken\"]}},\"Operator\":{\"title\":\"Operator\",\"description\":\"Operator to be applied on filter\",\"type\":\"string\",\"enum\":[\"Equals\",\"Like\",\"Not Equals\",\"Greater Than\",\"Smaller Than\",\"Greater Than or Equals To\",\"Smaller Than or Equals To\",\"Starts With\",\"Ends With\",\"Consist of\",\"IN\",\"NOT IN\"],\"select2\":{\"active\":true},\"minLength\":1},\"Value\":{\"title\":\"Value\",\"description\":\"Enter the expected value of the filter. Note: Multiple values are supported for operators ‘IN’ and ‘NOT IN’\",\"type\":\"string\",\"minLength\":1}}}},\"Offset\":{\"title\":\"Starting Index\",\"description\":\"Enter the starting index you wish to fetch the record from.The maximum offset value is 2,000 rows. If you request an offset more than 2000, it will result in an error\",\"type\":\"string\"},\"Limit\":{\"title\":\"Record Size to be Returned\",\"description\":\"Enter the size of the record to be returned. E.g.,10\",\"type\":\"string\"},\"SortFields\":{\"title\":\"Sort by Field\",\"description\":\"Select/specify the name of the field by which you wish to sort the response\",\"type\":\"string\",\"lookup\":{\"service\":\"salesforce_v1\",\"id\":\"s21\",\"auth\":\"oauth\",\"enabled\":true,\"dependencies\":[\"AccessToken\"]}},\"SortBy\":{\"title\":\"Sorting Order\",\"description\":\"Select an order you wish to sort the response by\",\"type\":\"string\",\"enum\":[\"Ascending\",\"Descending\"]}}}","output":"{\"type\":\"object\",\"title\":\"output\",\"displayTitle\":\"Output\",\"properties\":{\"totalSize\":{\"type\":\"number\",\"title\":\"totalSize\",\"displayTitle\":\"Total Size\"},\"done\":{\"type\":\"boolean\",\"title\":\"done\",\"displayTitle\":\"Is Done\"},\"records\":{\"type\":\"array\",\"title\":\"records\",\"items\":{\"type\":\"object\",\"properties\":{\"attributes\":{\"type\":\"object\",\"title\":\"attributes\",\"displayTitle\":\"Attributes\",\"properties\":{\"type\":{\"type\":\"string\",\"title\":\"type\",\"displayTitle\":\"Attributes Type\"},\"url\":{\"type\":\"string\",\"title\":\"url\",\"displayTitle\":\"Attributes URL\"}}},\"Id\":{\"title\":\"Id\",\"type\":\"string\",\"displayTitle\":\"Task ID\"},\"WhoId\":{\"title\":\"WhoId\",\"type\":\"string\",\"displayTitle\":\"Name ID\"},\"WhatId\":{\"title\":\"WhatId\",\"type\":\"string\",\"displayTitle\":\"Related To ID\"},\"Subject\":{\"title\":\"Subject\",\"type\":\"string\",\"displayTitle\":\"Subject\"},\"ActivityDate\":{\"title\":\"ActivityDate\",\"type\":\"date\",\"displayTitle\":\"Due Date Only\"},\"Status\":{\"title\":\"Status\",\"type\":\"string\",\"displayTitle\":\"Status\"},\"Priority\":{\"title\":\"Priority\",\"type\":\"string\",\"displayTitle\":\"Priority\"},\"IsHighPriority\":{\"title\":\"IsHighPriority\",\"type\":\"boolean\",\"displayTitle\":\"High Priority\"},\"OwnerId\":{\"title\":\"OwnerId\",\"type\":\"string\",\"displayTitle\":\"Assigned To ID\"},\"Description\":{\"title\":\"Description\",\"type\":\"string\",\"displayTitle\":\"Description\"},\"IsDeleted\":{\"title\":\"IsDeleted\",\"type\":\"boolean\",\"displayTitle\":\"Deleted\"},\"AccountId\":{\"title\":\"AccountId\",\"type\":\"string\",\"displayTitle\":\"Account ID\"},\"IsClosed\":{\"title\":\"IsClosed\",\"type\":\"boolean\",\"displayTitle\":\"Closed\"},\"CreatedDate\":{\"title\":\"CreatedDate\",\"type\":\"datetime\",\"displayTitle\":\"Created Date\"},\"CreatedById\":{\"title\":\"CreatedById\",\"type\":\"string\",\"displayTitle\":\"Created By ID\"},\"LastModifiedDate\":{\"title\":\"LastModifiedDate\",\"type\":\"datetime\",\"displayTitle\":\"Last Modified Date\"},\"LastModifiedById\":{\"title\":\"LastModifiedById\",\"type\":\"string\",\"displayTitle\":\"Last Modified By ID\"},\"SystemModstamp\":{\"title\":\"SystemModstamp\",\"type\":\"datetime\",\"displayTitle\":\"System Modstamp\"},\"IsArchived\":{\"title\":\"IsArchived\",\"type\":\"boolean\",\"displayTitle\":\"Archived\"},\"CallDurationInSeconds\":{\"title\":\"CallDurationInSeconds\",\"type\":\"number\",\"displayTitle\":\"Call Duration\"},\"CallType\":{\"title\":\"CallType\",\"type\":\"string\",\"displayTitle\":\"Call Type\"},\"CallDisposition\":{\"title\":\"CallDisposition\",\"type\":\"string\",\"displayTitle\":\"Call Result\"},\"CallObject\":{\"title\":\"CallObject\",\"type\":\"string\",\"displayTitle\":\"Call Object Identifier\"},\"ReminderDateTime\":{\"title\":\"ReminderDateTime\",\"type\":\"datetime\",\"displayTitle\":\"Reminder Date/Time\"},\"IsReminderSet\":{\"title\":\"IsReminderSet\",\"type\":\"boolean\",\"displayTitle\":\"Reminder Set\"},\"RecurrenceActivityId\":{\"title\":\"RecurrenceActivityId\",\"type\":\"string\",\"displayTitle\":\"Recurrence Activity ID\"},\"IsRecurrence\":{\"title\":\"IsRecurrence\",\"type\":\"boolean\",\"displayTitle\":\"Create Recurring Series of Tasks\"},\"RecurrenceStartDateOnly\":{\"title\":\"RecurrenceStartDateOnly\",\"type\":\"date\",\"displayTitle\":\"Start Date\"},\"RecurrenceEndDateOnly\":{\"title\":\"RecurrenceEndDateOnly\",\"type\":\"date\",\"displayTitle\":\"End Date\"},\"RecurrenceTimeZoneSidKey\":{\"title\":\"RecurrenceTimeZoneSidKey\",\"type\":\"string\",\"displayTitle\":\"Recurrence Time Zone\"},\"RecurrenceType\":{\"title\":\"RecurrenceType\",\"type\":\"string\",\"displayTitle\":\"Recurrence Type\"},\"RecurrenceInterval\":{\"title\":\"RecurrenceInterval\",\"type\":\"number\",\"displayTitle\":\"Recurrence Interval\"},\"RecurrenceDayOfWeekMask\":{\"title\":\"RecurrenceDayOfWeekMask\",\"type\":\"number\",\"displayTitle\":\"Recurrence Day of Week Mask\"},\"RecurrenceDayOfMonth\":{\"title\":\"RecurrenceDayOfMonth\",\"type\":\"number\",\"displayTitle\":\"Recurrence Day of Month\"},\"RecurrenceInstance\":{\"title\":\"RecurrenceInstance\",\"type\":\"string\",\"displayTitle\":\"Recurrence Instance\"},\"RecurrenceMonthOfYear\":{\"title\":\"RecurrenceMonthOfYear\",\"type\":\"string\",\"displayTitle\":\"Recurrence Month of Year\"},\"RecurrenceRegeneratedType\":{\"title\":\"RecurrenceRegeneratedType\",\"type\":\"string\",\"displayTitle\":\"Repeat This Task\"}}},\"displayTitle\":\"Tasks\"}}}","version":"v4","title":"Get Tasks"}],"uid":"fl5581458e9a94a2f36a2882","refid":"Pu9ZgHlBy","features":{"retry":{"enable":false,"max_attempts":3},"checkpoint":{"enable":false}},"mask":{"input":{"a0":[],"a2":[]},"output":{"a0":[],"a2":[]}},"description":"","tags":[],"webhook_settings":{"show_auth":false,"auth_type":"user_auth","webhook_auth":{"type":"basic","auth":{"user_name":"","password":""}},"webhook_token":{"type":"authtoken","auth":{"token":""}}},"config_data":[{"action_data":{"or":[]},"activity_id":"c0","type":"action_data","flow_version":1},{"type":"connection","activity_id":"a2","action":"Create Ticket","service":"Freshdesk","provider":"freshdesk","version":"v4","name":"Freshdesk #1","connection":"uconn791130f89d41104d2541ecaa3c49c77c30495042","flow_version":1},{"action_data":{"or":[]},"activity_id":"c2","type":"action_data","flow_version":1},{"action_data":{"or":[]},"activity_id":"c3","type":"action_data","flow_version":1},{"type":"auth","activity_id":"a0","action":"Get Tasks","service":"Salesforce V3","provider":"salesforcev3","version":"v4","name":"Salesforce V3 #1","auth":"au2700f9c2333b6f0eb008b4b28bfe1917d2d49395","flow_version":1},{"action_data":{"AccessToken":"{{$config.auth.au2700f9c2333b6f0eb008b4b28bfe1917d2d49395.access_token}}","_oauth":"{{$config.auth.au2700f9c2333b6f0eb008b4b28bfe1917d2d49395}}","Criteria":"Match All Filters","Filter":[],"Offset":"","Limit":"","SortFields":"","SortBy":"Ascending","$input_expre$$ion":[],"$lookup_label$$":{"SortFields":""}},"activity_id":"a0","type":"action_data","flow_version":1},{"action_data":{"connection":"{{$config.connection.uconn791130f89d41104d2541ecaa3c49c77c30495042.handle}}","_connection":"{{$config.connection.uconn791130f89d41104d2541ecaa3c49c77c30495042}}","name":"Emily Dean","email":"emily.dean@freshdesk.com","subject":"{{$a0.records[0].Subject}}","description":"{{$a0.records[0].Subject}}","cc_emails":[],"status":"2","priority":"Medium","source":"Email","custom_fields":[{"custom_key":"","custom_value":""}],"additional_params":[],"$input_expre$$ion":[],"$lookup_label$$":{"email":"Emily Dean","status":"Open"}},"activity_id":"a2","type":"action_data","flow_version":1}],"custom_connector":[]}}