{"name":"Slack-Twitter-LinkedIn","description":"<p>Post to Twitter and LinkedIn from a specified channel in Slack</p>","template_schema":{"type":"object","title":"","properties":{"e68c258459d53b6a7e6332c058a12ab1":{"title":"Authorize Twitter","type":"string","oauth":"twitter","minLength":1,"__icon":"twitter","__path":[["2i23VY7h4c","a1","accessToken"]],"propertyOrder":1},"653e65bfa8902901099b177ce2072967":{"title":"Authorize LinkedIn","type":"string","minLength":1,"propertyOrder":2,"oauth":"linkedin_447fbd8aa6","__icon":"linkedin","__cli":{"tenant":"fldf7ccc1e7aeb7b48a1c547","group":"LinkedIn","uid":"c25ec9ca-dd6b-4a0d-8adf-8bc9865e947b","build_id":"bl-d61fa1a2-c590-4196-8227-b081d6d4042f","connector_version":1},"__path":[["2i23VY7h4c","a0","auth"]]},"304b4125510e388de73a02d891c1448c":{"type":"string","title":"Authorize Slack","minLength":1,"oauth":"slack","propertyOrder":3,"__icon":"slack","__path":[["2i23VY7h4c","trigger","auth"]]},"7bc1c03e6a5180bd035fe845f01edfbd":{"type":"string","title":"Channel ID","minLength":1,"propertyOrder":4,"lookup":{"id":"s1","service":"slack","searchable":true,"auth":"oauth","enabled":true,"dependencies":["auth"],"__dependencies":[{"key":"auth","path":"304b4125510e388de73a02d891c1448c"}]},"__icon":"slack","__path":[["2i23VY7h4c","trigger","channelID"]]}}},"icons":["slack","twitter","linkedin"],"connectors":["Slack","Twitter","LinkedIn"],"flow_params":[],"project_params":[],"recipeVersion":1,"flow":{"_id":"5d161f2bd3f3b1007acc3ccf","configurations":{"debugger":false,"auto_connect":true,"live_visualization":true,"container_size":256,"canvas_settings":{"zoom":0.8,"top":-8339.5,"left":-7800},"is_webhook":false,"is_webhook_auth":false,"params":[]},"trigger":{"icon":"slack","active":true,"handlers":[{"handlers":["flbe772d74e0dd051938ccea"],"inactive_handlers":[],"active":true,"interval":180000,"type":"trigger","stop_at":0,"locked":false,"is_mock_updated":true,"_id":"5d16278f96680b625269a9fc","provider":"slack-v5","label":"Slack trigger #1","created_by":"flf08d4cfce6f7d74cc343c6","data":{"event":"new_public_message","channelID":"CKN4NLH42","auth":"au9afa854696494a70b234b2f0b44944de3ab50116","_oauth":"{{$config.auth.au9afa854696494a70b234b2f0b44944de3ab50116}}","$lookup_label$$":{"channelID":"twitterlinkedin"},"customFilters":[]},"tenant_uid":"flef6d866bc52d796c26162a","env_uid":"fl7476cd47898fd2569c6ff1","project_uid":"flef3f7920e9cf2dbec1ba96","meta":{"cursor":1561733007},"uid":"tg-98cb17fa-92c4-4c5b-b8b7-aef3f8d0e579","is_tested":true,"mock_data":"{\"client_msg_id\":\"73c608b6-a266-4e22-bdee-b3a5ca0f08af\",\"type\":\"message\",\"text\":\"Testing #3 webmethods by #softwareag <https://www.youtube.com/watch?v=bnXSQYkrNe8>\",\"user\":\"UJLMEQ26T\",\"ts\":\"1561732998.000400\",\"team\":\"TJ7D4TNBV\",\"attachments\":[{\"service_name\":\"YouTube\",\"service_url\":\"https://www.youtube.com/\",\"title\":\"Software Is  Changing The World\",\"title_link\":\"https://www.youtube.com/watch?v=bnXSQYkrNe8\",\"author_name\":\"SOFTWARE AG\",\"author_link\":\"https://www.youtube.com/user/SOFTWAREAG\",\"thumb_url\":\"https://i.ytimg.com/vi/bnXSQYkrNe8/hqdefault.jpg\",\"thumb_width\":480,\"thumb_height\":360,\"fallback\":\"YouTube Video: Software Is  Changing The World\",\"video_html\":\"<iframe width=\\\"400\\\" height=\\\"225\\\" src=\\\"https://www.youtube.com/embed/bnXSQYkrNe8?feature=oembed&autoplay=1&iv_load_policy=3\\\" frameborder=\\\"0\\\" allow=\\\"accelerometer; autoplay; encrypted-media; gyroscope; picture-in-picture\\\" allowfullscreen></iframe>\",\"video_html_width\":400,\"video_html_height\":225,\"from_url\":\"https://www.youtube.com/watch?v=bnXSQYkrNe8\",\"service_icon\":\"https://a.slack-edge.com/2089/img/unfurl_icons/youtube.png\",\"id\":1,\"original_url\":\"https://www.youtube.com/watch?v=bnXSQYkrNe8\"}],\"username\":\"omid.jaafari\"}","auth_uid":"au9afa854696494a70b234b2f0b44944de3ab50116","version":"v5","polling":true,"title":"Slack","input":"{\"type\":\"object\",\"title\":\"Select Trigger\",\"properties\":{\"auth\":{\"type\":\"string\",\"title\":\"Authorize Slack\",\"minLength\":1,\"oauth\":\"slack\",\"propertyOrder\":1},\"customFilters\":{\"type\":\"array\",\"title\":\"Custom Filters\",\"items\":{\"type\":\"object\",\"title\":\"filter\",\"properties\":{\"input\":{\"type\":\"string\",\"title\":\"Input\",\"minLength\":1},\"operator\":{\"type\":\"string\",\"title\":\"Condition\",\"enum\":[\"Equals\",\"Equals(Number)\",\"GreaterThan\",\"LessThan\",\"Contains\",\"DoesNotContains\",\"ObjectHasKey\",\"matches\",\"isNull\",\"isEmpty\",\"isNumber\",\"isObject\",\"isArray\",\"isBoolean\",\"isDate\",\"isUndefined\"]},\"expected\":{\"type\":\"string\",\"title\":\"Expected\",\"minLength\":1}}}}},\"oneOf\":[{\"type\":\"object\",\"title\":\"New Public Channel\",\"description\":\"Triggers when a new public channel is created\",\"properties\":{\"event\":{\"type\":\"string\",\"enum\":[\"new_public_channel\"],\"options\":{\"hidden\":true},\"propertyOrder\":2}}},{\"type\":\"object\",\"title\":\"New Private Channel\",\"description\":\"Triggers when a new private channel is created\",\"properties\":{\"event\":{\"type\":\"string\",\"enum\":[\"new_private_channel\"],\"options\":{\"hidden\":true},\"propertyOrder\":2}}},{\"type\":\"object\",\"title\":\"New Message in Public Channel\",\"description\":\"Triggers when a new message is added to the specific public channel\",\"properties\":{\"event\":{\"type\":\"string\",\"enum\":[\"new_public_message\"],\"options\":{\"hidden\":true},\"propertyOrder\":2},\"channelID\":{\"type\":\"string\",\"title\":\"Channel ID\",\"minLength\":1,\"propertyOrder\":3,\"lookup\":{\"id\":\"s1\",\"service\":\"slack\",\"searchable\":true,\"auth\":\"oauth\",\"enabled\":true,\"dependencies\":[\"auth\"]}}}},{\"type\":\"object\",\"title\":\"New Message in Private Channel\",\"description\":\"Triggers when a new message is added to the specific private channel\",\"properties\":{\"event\":{\"type\":\"string\",\"enum\":[\"new_private_message\"],\"options\":{\"hidden\":true},\"propertyOrder\":2},\"channelID\":{\"type\":\"string\",\"title\":\"Channel ID\",\"minLength\":1,\"propertyOrder\":3,\"lookup\":{\"id\":\"s2\",\"service\":\"slack\",\"enabled\":true,\"searchable\":true,\"auth\":\"oauth\",\"dependencies\":[\"auth\"]}}}}]}","event":"new_public_message","auth_type":"oauth","next_trigger":1561733727578,"last_occurrence":1561733547578,"output":"{\"new_public_channel\":{\"type\":\"object\",\"properties\":{\"id\":{\"type\":\"string\",\"title\":\"id\",\"displayTitle\":\"Channel ID\"},\"name\":{\"type\":\"string\",\"title\":\"name\",\"displayTitle\":\"Channel Name\"},\"is_channel\":{\"type\":\"boolean\",\"title\":\"is_channel\",\"displayTitle\":\"Is Channel\"},\"created\":{\"type\":\"number\",\"title\":\"created\",\"displayTitle\":\"Created Time\"},\"creator\":{\"type\":\"string\",\"title\":\"creator\",\"displayTitle\":\"Creator ID\"},\"username\":{\"type\":\"string\",\"title\":\"username\",\"displayTitle\":\"Creator Name\"},\"is_archived\":{\"type\":\"boolean\",\"title\":\"is_archived\",\"displayTitle\":\"Is Archived\"},\"is_member\":{\"type\":\"boolean\",\"title\":\"is_member\",\"displayTitle\":\"Is Member\"},\"is_general\":{\"type\":\"boolean\",\"title\":\"is_general\",\"displayTitle\":\"Is General\"},\"members\":{\"type\":\"array\",\"title\":\"members\",\"displayTitle\":\"Members\",\"items\":{}},\"num_members\":{\"type\":\"number\",\"title\":\"num_members\",\"displayTitle\":\"Total Members\"}}},\"new_private_channel\":{\"type\":\"object\",\"properties\":{\"id\":{\"type\":\"string\",\"title\":\"id\",\"displayTitle\":\"Channel ID\"},\"name\":{\"type\":\"string\",\"title\":\"name\",\"displayTitle\":\"Channel Name\"},\"is_group\":{\"type\":\"boolean\",\"title\":\"is_group\",\"displayTitle\":\"Is Group\"},\"created\":{\"type\":\"number\",\"title\":\"created\",\"displayTitle\":\"Created Time\"},\"creator\":{\"type\":\"string\",\"title\":\"creator\",\"displayTitle\":\"Creator ID\"},\"username\":{\"type\":\"string\",\"title\":\"username\",\"displayTitle\":\"Creator Name\"},\"is_archived\":{\"type\":\"boolean\",\"title\":\"is_archived\",\"displayTitle\":\"Is Archived\"},\"is_mpim\":{\"type\":\"boolean\",\"title\":\"is_mpim\",\"displayTitle\":\"Is Mpim\"},\"members\":{\"type\":\"array\",\"title\":\"members\",\"displayTitle\":\"Members\",\"items\":{}},\"num_members\":{\"type\":\"number\",\"title\":\"num_members\",\"displayTitle\":\"Total Members\"}}},\"new_public_message\":{\"type\":\"object\",\"properties\":{\"type\":{\"type\":\"string\",\"title\":\"type\",\"displayTitle\":\"Message Type\"},\"user\":{\"type\":\"string\",\"title\":\"user\",\"displayTitle\":\"User ID\"},\"text\":{\"type\":\"string\",\"title\":\"text\",\"displayTitle\":\"Message\"},\"ts\":{\"type\":\"string\",\"title\":\"ts\",\"displayTitle\":\"Message Time\"},\"username\":{\"type\":\"string\",\"title\":\"username\",\"displayTitle\":\"Username\"}}},\"new_private_message\":{\"type\":\"object\",\"properties\":{\"type\":{\"type\":\"string\",\"title\":\"type\",\"displayTitle\":\"Message Type\"},\"user\":{\"type\":\"string\",\"title\":\"user\",\"displayTitle\":\"User ID\"},\"text\":{\"type\":\"string\",\"title\":\"text\",\"displayTitle\":\"Message\"},\"ts\":{\"type\":\"string\",\"title\":\"ts\",\"displayTitle\":\"Message Time\"},\"username\":{\"type\":\"string\",\"title\":\"username\",\"displayTitle\":\"Username\"}}}}","icon":"slack","created_at":"2019-06-28T14:43:27.578Z","updated_at":"2019-06-28T14:43:27.578Z","event_title":"","__v":0}]},"draft":false,"flow_version":1,"activity_icons":["twitter","linkedin"],"transform":[],"name":"Slack-Twitter-LinkedIn","project_uid":"flef3f7920e9cf2dbec1ba96","tenant_uid":"flef6d866bc52d796c26162a","action_schema":[{"id":"stop","type":"stop","label":"Stop","position":{"x":1190.33,"y":332},"category":"special","help":"End point of Flow","next":null,"prev":["c3","c4"],"output":[]},{"category":"default","published":false,"hide_settings":false,"marketing_category":[],"uid":"act5b9c11c345c41102bf02a5","name":"condition","input":"{\"title\":\"Condition Activity\",\"description\":\"Only flow continue when\",\"type\":\"object\",\"properties\":{\"or\":{\"type\":\"array\",\"title\":\"Conditions\",\"items\":{\"type\":\"object\",\"title\":\"Condition\",\"properties\":{\"and\":{\"type\":\"array\",\"title\":\"Filters\",\"items\":{\"type\":\"object\",\"title\":\"Filter\",\"format\":\"table\",\"properties\":{\"input\":{\"type\":\"string\",\"title\":\"Input\",\"minLength\":1},\"operator\":{\"title\":\"Condition\",\"description\":\"Select proper condition\",\"type\":\"string\",\"enum\":[\"(Text) Matches\",\"(Text) Exactly Matches\",\"(Text) Does Not Match\",\"(Text) Does Not Exactly Match\",\"(Text) Contains\",\"(Text) Does Not Contain\",\"(Text) Starts With\",\"(Text) Does Not Start With\",\"(Text) Ends With\",\"(Text) Does Not End With\",\"(Text) Is Alphanumeric\",\"(Text) Is Empty\",\"(Number) Equals\",\"(Number) Not Equals\",\"(Number) Greater Than\",\"(Number) Greater Than Equals\",\"(Number) Less Than\",\"(Number) Less Than Equals\",\"(Number) Is Negative\",\"(Number) Is Positive\",\"(Date/Time) Equals\",\"(Date/Time) Less Than\",\"(Date/Time) Less Than Equals\",\"(Date/Time) Greater Than\",\"(Date/Time) Greater Than Equals\",\"(Array) Length Equals\",\"(Array) Length Does Not Equals\",\"(Array) Length Less Than\",\"(Array) Length Less Than Equals\",\"(Array) Length Greater Than\",\"(Array) Length Greater Than Equals\",\"(Array) Is Empty\",\"(Array) Contains All Object\",\"(Array) Contains All String\",\"(Array) Contains All Number\",\"(Array) Contains All Object And Has This Property\",\"(Object) Has Property\",\"(Object) Does Not Have Property\",\"(Object) Is Empty\",\"(Regex) Match Pattern\",\"(Boolean) Is Value True\",\"(Boolean) Is Value False\",\"(Input) Exists\",\"(Input) Does Not Exist\",\"(Input) Is Null\",\"(Input) Is String\",\"(Input) Is Number\",\"(Input) Is Date\",\"(Input) Is An Array\",\"(Input) Is An Object\",\"(Input) Is Boolean\",\"(Input) Data Type Is\"]},\"expected\":{\"type\":\"string\",\"title\":\"Expected\",\"description\":\"Value you are expecting, default value is true incase of condition start with Is\"}}}}}}}}}","output":"{\"title\":\"output\",\"type\":\"object\",\"properties\":{\"fields\":{\"type\":\"array\",\"title\":\"fields\",\"items\":{\"type\":\"object\"}},\"error\":{\"type\":\"string\",\"title\":\"error\"}}}","usage":{"html":"Allows you to check conditions.","link":{"title":"Help","href":"https://flowdocs.built.io/concepts/conditions"}},"version":"v3","icon":"condition","act_type":"default","title":"Condition","provider":"Internal Only","next":["a0"],"prev":["start"],"id":"c0","type":"condition","label":"condition","datsetConnectionDetachableition":{},"json":"{\"title\":\"Condition Activity\",\"description\":\"Only flow continue when\",\"type\":\"object\",\"properties\":{\"or\":{\"type\":\"array\",\"title\":\"Conditions\",\"items\":{\"type\":\"object\",\"title\":\"Condition\",\"properties\":{\"and\":{\"type\":\"array\",\"title\":\"Filters\",\"items\":{\"type\":\"object\",\"title\":\"Filter\",\"format\":\"table\",\"properties\":{\"input\":{\"type\":\"string\",\"title\":\"Input\",\"minLength\":1},\"operator\":{\"title\":\"Condition\",\"description\":\"Select proper condition\",\"type\":\"string\",\"enum\":[\"(Text) Matches\",\"(Text) Exactly Matches\",\"(Text) Does Not Match\",\"(Text) Does Not Exactly Match\",\"(Text) Contains\",\"(Text) Does Not Contain\",\"(Text) Starts With\",\"(Text) Does Not Start With\",\"(Text) Ends With\",\"(Text) Does Not End With\",\"(Text) Is Alphanumeric\",\"(Text) Is Empty\",\"(Number) Equals\",\"(Number) Not Equals\",\"(Number) Greater Than\",\"(Number) Greater Than Equals\",\"(Number) Less Than\",\"(Number) Less Than Equals\",\"(Number) Is Negative\",\"(Number) Is Positive\",\"(Date/Time) Equals\",\"(Date/Time) Less Than\",\"(Date/Time) Less Than Equals\",\"(Date/Time) Greater Than\",\"(Date/Time) Greater Than Equals\",\"(Array) Length Equals\",\"(Array) Length Does Not Equals\",\"(Array) Length Less Than\",\"(Array) Length Less Than Equals\",\"(Array) Length Greater Than\",\"(Array) Length Greater Than Equals\",\"(Array) Is Empty\",\"(Array) Contains All Object\",\"(Array) Contains All String\",\"(Array) Contains All Number\",\"(Array) Contains All Object And Has This Property\",\"(Object) Has Property\",\"(Object) Does Not Have Property\",\"(Object) Is Empty\",\"(Regex) Match Pattern\",\"(Boolean) Is Value True\",\"(Boolean) Is Value False\",\"(Input) Exists\",\"(Input) Does Not Exist\",\"(Input) Is Null\",\"(Input) Is String\",\"(Input) Is Number\",\"(Input) Is Date\",\"(Input) Is An Array\",\"(Input) Is An Object\",\"(Input) Is Boolean\",\"(Input) Data Type Is\"]},\"expected\":{\"type\":\"string\",\"title\":\"Expected\",\"description\":\"Value you are expecting, default value is true incase of condition start with Is\"}}}}}}}}}"},{"category":"default","published":false,"hide_settings":false,"marketing_category":[],"uid":"act5b9c11c345c41102bf02a5","name":"condition","input":"{\"title\":\"Condition Activity\",\"description\":\"Only flow continue when\",\"type\":\"object\",\"properties\":{\"or\":{\"type\":\"array\",\"title\":\"Conditions\",\"items\":{\"type\":\"object\",\"title\":\"Condition\",\"properties\":{\"and\":{\"type\":\"array\",\"title\":\"Filters\",\"items\":{\"type\":\"object\",\"title\":\"Filter\",\"format\":\"table\",\"properties\":{\"input\":{\"type\":\"string\",\"title\":\"Input\",\"minLength\":1},\"operator\":{\"title\":\"Condition\",\"description\":\"Select proper condition\",\"type\":\"string\",\"enum\":[\"(Text) Matches\",\"(Text) Exactly Matches\",\"(Text) Does Not Match\",\"(Text) Does Not Exactly Match\",\"(Text) Contains\",\"(Text) Does Not Contain\",\"(Text) Starts With\",\"(Text) Does Not Start With\",\"(Text) Ends With\",\"(Text) Does Not End With\",\"(Text) Is Alphanumeric\",\"(Text) Is Empty\",\"(Number) Equals\",\"(Number) Not Equals\",\"(Number) Greater Than\",\"(Number) Greater Than Equals\",\"(Number) Less Than\",\"(Number) Less Than Equals\",\"(Number) Is Negative\",\"(Number) Is Positive\",\"(Date/Time) Equals\",\"(Date/Time) Less Than\",\"(Date/Time) Less Than Equals\",\"(Date/Time) Greater Than\",\"(Date/Time) Greater Than Equals\",\"(Array) Length Equals\",\"(Array) Length Does Not Equals\",\"(Array) Length Less Than\",\"(Array) Length Less Than Equals\",\"(Array) Length Greater Than\",\"(Array) Length Greater Than Equals\",\"(Array) Is Empty\",\"(Array) Contains All Object\",\"(Array) Contains All String\",\"(Array) Contains All Number\",\"(Array) Contains All Object And Has This Property\",\"(Object) Has Property\",\"(Object) Does Not Have Property\",\"(Object) Is Empty\",\"(Regex) Match Pattern\",\"(Boolean) Is Value True\",\"(Boolean) Is Value False\",\"(Input) Exists\",\"(Input) Does Not Exist\",\"(Input) Is Null\",\"(Input) Is String\",\"(Input) Is Number\",\"(Input) Is Date\",\"(Input) Is An Array\",\"(Input) Is An Object\",\"(Input) Is Boolean\",\"(Input) Data Type Is\"]},\"expected\":{\"type\":\"string\",\"title\":\"Expected\",\"description\":\"Value you are expecting, default value is true incase of condition start with Is\"}}}}}}}}}","output":"{\"title\":\"output\",\"type\":\"object\",\"properties\":{\"fields\":{\"type\":\"array\",\"title\":\"fields\",\"items\":{\"type\":\"object\"}},\"error\":{\"type\":\"string\",\"title\":\"error\"}}}","usage":{"html":"Allows you to check conditions.","link":{"title":"Help","href":"https://flowdocs.built.io/concepts/conditions"}},"version":"v3","icon":"condition","act_type":"default","title":"Condition","provider":"Internal Only","next":["a1"],"prev":["start"],"id":"c2","type":"condition","label":"condition","datsetConnectionDetachableition":{},"json":"{\"title\":\"Condition Activity\",\"description\":\"Only flow continue when\",\"type\":\"object\",\"properties\":{\"or\":{\"type\":\"array\",\"title\":\"Conditions\",\"items\":{\"type\":\"object\",\"title\":\"Condition\",\"properties\":{\"and\":{\"type\":\"array\",\"title\":\"Filters\",\"items\":{\"type\":\"object\",\"title\":\"Filter\",\"format\":\"table\",\"properties\":{\"input\":{\"type\":\"string\",\"title\":\"Input\",\"minLength\":1},\"operator\":{\"title\":\"Condition\",\"description\":\"Select proper condition\",\"type\":\"string\",\"enum\":[\"(Text) Matches\",\"(Text) Exactly Matches\",\"(Text) Does Not Match\",\"(Text) Does Not Exactly Match\",\"(Text) Contains\",\"(Text) Does Not Contain\",\"(Text) Starts With\",\"(Text) Does Not Start With\",\"(Text) Ends With\",\"(Text) Does Not End With\",\"(Text) Is Alphanumeric\",\"(Text) Is Empty\",\"(Number) Equals\",\"(Number) Not Equals\",\"(Number) Greater Than\",\"(Number) Greater Than Equals\",\"(Number) Less Than\",\"(Number) Less Than Equals\",\"(Number) Is Negative\",\"(Number) Is Positive\",\"(Date/Time) Equals\",\"(Date/Time) Less Than\",\"(Date/Time) Less Than Equals\",\"(Date/Time) Greater Than\",\"(Date/Time) Greater Than Equals\",\"(Array) Length Equals\",\"(Array) Length Does Not Equals\",\"(Array) Length Less Than\",\"(Array) Length Less Than Equals\",\"(Array) Length Greater Than\",\"(Array) Length Greater Than Equals\",\"(Array) Is Empty\",\"(Array) Contains All Object\",\"(Array) Contains All String\",\"(Array) Contains All Number\",\"(Array) Contains All Object And Has This Property\",\"(Object) Has Property\",\"(Object) Does Not Have Property\",\"(Object) Is Empty\",\"(Regex) Match Pattern\",\"(Boolean) Is Value True\",\"(Boolean) Is Value False\",\"(Input) Exists\",\"(Input) Does Not Exist\",\"(Input) Is Null\",\"(Input) Is String\",\"(Input) Is Number\",\"(Input) Is Date\",\"(Input) Is An Array\",\"(Input) Is An Object\",\"(Input) Is Boolean\",\"(Input) Data Type Is\"]},\"expected\":{\"type\":\"string\",\"title\":\"Expected\",\"description\":\"Value you are expecting, default value is true incase of condition start with Is\"}}}}}}}}}"},{"category":"default","published":false,"hide_settings":false,"marketing_category":[],"uid":"act5b9c11c345c41102bf02a5","name":"condition","input":"{\"title\":\"Condition Activity\",\"description\":\"Only flow continue when\",\"type\":\"object\",\"properties\":{\"or\":{\"type\":\"array\",\"title\":\"Conditions\",\"items\":{\"type\":\"object\",\"title\":\"Condition\",\"properties\":{\"and\":{\"type\":\"array\",\"title\":\"Filters\",\"items\":{\"type\":\"object\",\"title\":\"Filter\",\"format\":\"table\",\"properties\":{\"input\":{\"type\":\"string\",\"title\":\"Input\",\"minLength\":1},\"operator\":{\"title\":\"Condition\",\"description\":\"Select proper condition\",\"type\":\"string\",\"enum\":[\"(Text) Matches\",\"(Text) Exactly Matches\",\"(Text) Does Not Match\",\"(Text) Does Not Exactly Match\",\"(Text) Contains\",\"(Text) Does Not Contain\",\"(Text) Starts With\",\"(Text) Does Not Start With\",\"(Text) Ends With\",\"(Text) Does Not End With\",\"(Text) Is Alphanumeric\",\"(Text) Is Empty\",\"(Number) Equals\",\"(Number) Not Equals\",\"(Number) Greater Than\",\"(Number) Greater Than Equals\",\"(Number) Less Than\",\"(Number) Less Than Equals\",\"(Number) Is Negative\",\"(Number) Is Positive\",\"(Date/Time) Equals\",\"(Date/Time) Less Than\",\"(Date/Time) Less Than Equals\",\"(Date/Time) Greater Than\",\"(Date/Time) Greater Than Equals\",\"(Array) Length Equals\",\"(Array) Length Does Not Equals\",\"(Array) Length Less Than\",\"(Array) Length Less Than Equals\",\"(Array) Length Greater Than\",\"(Array) Length Greater Than Equals\",\"(Array) Is Empty\",\"(Array) Contains All Object\",\"(Array) Contains All String\",\"(Array) Contains All Number\",\"(Array) Contains All Object And Has This Property\",\"(Object) Has Property\",\"(Object) Does Not Have Property\",\"(Object) Is Empty\",\"(Regex) Match Pattern\",\"(Boolean) Is Value True\",\"(Boolean) Is Value False\",\"(Input) Exists\",\"(Input) Does Not Exist\",\"(Input) Is Null\",\"(Input) Is String\",\"(Input) Is Number\",\"(Input) Is Date\",\"(Input) Is An Array\",\"(Input) Is An Object\",\"(Input) Is Boolean\",\"(Input) Data Type Is\"]},\"expected\":{\"type\":\"string\",\"title\":\"Expected\",\"description\":\"Value you are expecting, default value is true incase of condition start with Is\"}}}}}}}}}","output":"{\"title\":\"output\",\"type\":\"object\",\"properties\":{\"fields\":{\"type\":\"array\",\"title\":\"fields\",\"items\":{\"type\":\"object\"}},\"error\":{\"type\":\"string\",\"title\":\"error\"}}}","usage":{"html":"Allows you to check conditions.","link":{"title":"Help","href":"https://flowdocs.built.io/concepts/conditions"}},"version":"v3","icon":"condition","act_type":"default","title":"Condition","provider":"Internal Only","next":["stop"],"prev":["a0"],"id":"c3","type":"condition","label":"condition","datsetConnectionDetachableition":{},"json":"{\"title\":\"Condition Activity\",\"description\":\"Only flow continue when\",\"type\":\"object\",\"properties\":{\"or\":{\"type\":\"array\",\"title\":\"Conditions\",\"items\":{\"type\":\"object\",\"title\":\"Condition\",\"properties\":{\"and\":{\"type\":\"array\",\"title\":\"Filters\",\"items\":{\"type\":\"object\",\"title\":\"Filter\",\"format\":\"table\",\"properties\":{\"input\":{\"type\":\"string\",\"title\":\"Input\",\"minLength\":1},\"operator\":{\"title\":\"Condition\",\"description\":\"Select proper condition\",\"type\":\"string\",\"enum\":[\"(Text) Matches\",\"(Text) Exactly Matches\",\"(Text) Does Not Match\",\"(Text) Does Not Exactly Match\",\"(Text) Contains\",\"(Text) Does Not Contain\",\"(Text) Starts With\",\"(Text) Does Not Start With\",\"(Text) Ends With\",\"(Text) Does Not End With\",\"(Text) Is Alphanumeric\",\"(Text) Is Empty\",\"(Number) Equals\",\"(Number) Not Equals\",\"(Number) Greater Than\",\"(Number) Greater Than Equals\",\"(Number) Less Than\",\"(Number) Less Than Equals\",\"(Number) Is Negative\",\"(Number) Is Positive\",\"(Date/Time) Equals\",\"(Date/Time) Less Than\",\"(Date/Time) Less Than Equals\",\"(Date/Time) Greater Than\",\"(Date/Time) Greater Than Equals\",\"(Array) Length Equals\",\"(Array) Length Does Not Equals\",\"(Array) Length Less Than\",\"(Array) Length Less Than Equals\",\"(Array) Length Greater Than\",\"(Array) Length Greater Than Equals\",\"(Array) Is Empty\",\"(Array) Contains All Object\",\"(Array) Contains All String\",\"(Array) Contains All Number\",\"(Array) Contains All Object And Has This Property\",\"(Object) Has Property\",\"(Object) Does Not Have Property\",\"(Object) Is Empty\",\"(Regex) Match Pattern\",\"(Boolean) Is Value True\",\"(Boolean) Is Value False\",\"(Input) Exists\",\"(Input) Does Not Exist\",\"(Input) Is Null\",\"(Input) Is String\",\"(Input) Is Number\",\"(Input) Is Date\",\"(Input) Is An Array\",\"(Input) Is An Object\",\"(Input) Is Boolean\",\"(Input) Data Type Is\"]},\"expected\":{\"type\":\"string\",\"title\":\"Expected\",\"description\":\"Value you are expecting, default value is true incase of condition start with Is\"}}}}}}}}}"},{"category":"default","published":false,"hide_settings":false,"marketing_category":[],"uid":"act5b9c11c345c41102bf02a5","name":"condition","input":"{\"title\":\"Condition Activity\",\"description\":\"Only flow continue when\",\"type\":\"object\",\"properties\":{\"or\":{\"type\":\"array\",\"title\":\"Conditions\",\"items\":{\"type\":\"object\",\"title\":\"Condition\",\"properties\":{\"and\":{\"type\":\"array\",\"title\":\"Filters\",\"items\":{\"type\":\"object\",\"title\":\"Filter\",\"format\":\"table\",\"properties\":{\"input\":{\"type\":\"string\",\"title\":\"Input\",\"minLength\":1},\"operator\":{\"title\":\"Condition\",\"description\":\"Select proper condition\",\"type\":\"string\",\"enum\":[\"(Text) Matches\",\"(Text) Exactly Matches\",\"(Text) Does Not Match\",\"(Text) Does Not Exactly Match\",\"(Text) Contains\",\"(Text) Does Not Contain\",\"(Text) Starts With\",\"(Text) Does Not Start With\",\"(Text) Ends With\",\"(Text) Does Not End With\",\"(Text) Is Alphanumeric\",\"(Text) Is Empty\",\"(Number) Equals\",\"(Number) Not Equals\",\"(Number) Greater Than\",\"(Number) Greater Than Equals\",\"(Number) Less Than\",\"(Number) Less Than Equals\",\"(Number) Is Negative\",\"(Number) Is Positive\",\"(Date/Time) Equals\",\"(Date/Time) Less Than\",\"(Date/Time) Less Than Equals\",\"(Date/Time) Greater Than\",\"(Date/Time) Greater Than Equals\",\"(Array) Length Equals\",\"(Array) Length Does Not Equals\",\"(Array) Length Less Than\",\"(Array) Length Less Than Equals\",\"(Array) Length Greater Than\",\"(Array) Length Greater Than Equals\",\"(Array) Is Empty\",\"(Array) Contains All Object\",\"(Array) Contains All String\",\"(Array) Contains All Number\",\"(Array) Contains All Object And Has This Property\",\"(Object) Has Property\",\"(Object) Does Not Have Property\",\"(Object) Is Empty\",\"(Regex) Match Pattern\",\"(Boolean) Is Value True\",\"(Boolean) Is Value False\",\"(Input) Exists\",\"(Input) Does Not Exist\",\"(Input) Is Null\",\"(Input) Is String\",\"(Input) Is Number\",\"(Input) Is Date\",\"(Input) Is An Array\",\"(Input) Is An Object\",\"(Input) Is Boolean\",\"(Input) Data Type Is\"]},\"expected\":{\"type\":\"string\",\"title\":\"Expected\",\"description\":\"Value you are expecting, default value is true incase of condition start with Is\"}}}}}}}}}","output":"{\"title\":\"output\",\"type\":\"object\",\"properties\":{\"fields\":{\"type\":\"array\",\"title\":\"fields\",\"items\":{\"type\":\"object\"}},\"error\":{\"type\":\"string\",\"title\":\"error\"}}}","usage":{"html":"Allows you to check conditions.","link":{"title":"Help","href":"https://flowdocs.built.io/concepts/conditions"}},"version":"v3","icon":"condition","act_type":"default","title":"Condition","provider":"Internal Only","next":["stop"],"prev":["a1"],"id":"c4","type":"condition","label":"condition","datsetConnectionDetachableition":{},"json":"{\"title\":\"Condition Activity\",\"description\":\"Only flow continue when\",\"type\":\"object\",\"properties\":{\"or\":{\"type\":\"array\",\"title\":\"Conditions\",\"items\":{\"type\":\"object\",\"title\":\"Condition\",\"properties\":{\"and\":{\"type\":\"array\",\"title\":\"Filters\",\"items\":{\"type\":\"object\",\"title\":\"Filter\",\"format\":\"table\",\"properties\":{\"input\":{\"type\":\"string\",\"title\":\"Input\",\"minLength\":1},\"operator\":{\"title\":\"Condition\",\"description\":\"Select proper condition\",\"type\":\"string\",\"enum\":[\"(Text) Matches\",\"(Text) Exactly Matches\",\"(Text) Does Not Match\",\"(Text) Does Not Exactly Match\",\"(Text) Contains\",\"(Text) Does Not Contain\",\"(Text) Starts With\",\"(Text) Does Not Start With\",\"(Text) Ends With\",\"(Text) Does Not End With\",\"(Text) Is Alphanumeric\",\"(Text) Is Empty\",\"(Number) Equals\",\"(Number) Not Equals\",\"(Number) Greater Than\",\"(Number) Greater Than Equals\",\"(Number) Less Than\",\"(Number) Less Than Equals\",\"(Number) Is Negative\",\"(Number) Is Positive\",\"(Date/Time) Equals\",\"(Date/Time) Less Than\",\"(Date/Time) Less Than Equals\",\"(Date/Time) Greater Than\",\"(Date/Time) Greater Than Equals\",\"(Array) Length Equals\",\"(Array) Length Does Not Equals\",\"(Array) Length Less Than\",\"(Array) Length Less Than Equals\",\"(Array) Length Greater Than\",\"(Array) Length Greater Than Equals\",\"(Array) Is Empty\",\"(Array) Contains All Object\",\"(Array) Contains All String\",\"(Array) Contains All Number\",\"(Array) Contains All Object And Has This Property\",\"(Object) Has Property\",\"(Object) Does Not Have Property\",\"(Object) Is Empty\",\"(Regex) Match Pattern\",\"(Boolean) Is Value True\",\"(Boolean) Is Value False\",\"(Input) Exists\",\"(Input) Does Not Exist\",\"(Input) Is Null\",\"(Input) Is String\",\"(Input) Is Number\",\"(Input) Is Date\",\"(Input) Is An Array\",\"(Input) Is An Object\",\"(Input) Is Boolean\",\"(Input) Data Type Is\"]},\"expected\":{\"type\":\"string\",\"title\":\"Expected\",\"description\":\"Value you are expecting, default value is true incase of condition start with Is\"}}}}}}}}}"},{"label":"Post Tweet","usage":{"link":{"title":"Doc link","href":"https://flowdocs.built.io/activity/twitter/tweet-via-twitter"},"html":"Post a new tweet"},"icon":"twitter","act_type":"default","provider":"Twitter","category":"service","position":{"x":758,"y":446.5},"type":"twitter-tweet-post","id":"a1","next":["c4"],"prev":["c2"],"hasError":false,"original_label":"Twitter","published":true,"hide_settings":false,"marketing_category":["social"],"uid":"act69df614ed314c06c06da48","input":"{\"title\":\"Post Tweet\",\"type\":\"object\",\"properties\":{\"accessToken\":{\"title\":\"Authorize Twitter\",\"type\":\"string\",\"oauth\":\"twitter\",\"minLength\":1},\"tweet\":{\"title\":\"Tweet\",\"type\":\"string\",\"format\":\"textarea\",\"minLength\":1,\"maxLength\":140,\"description\":\"140-Character Limit\"}}}","name":"twitter-tweet-post","output":"{\"type\":\"object\",\"properties\":{\"id\":{\"type\":\"string\",\"title\":\"id\",\"displayTitle\":\"ID\"},\"id_str\":{\"type\":\"string\",\"title\":\"id_str\",\"displayTitle\":\"Stored ID\"},\"text\":{\"type\":\"string\",\"title\":\"text\",\"displayTitle\":\"Tweet Text\"},\"coordinates\":{\"type\":\"object\",\"title\":\"coordinates\",\"displayTitle\":\"Coordinates\"},\"user\":{\"type\":\"object\",\"title\":\"user\",\"displayTitle\":\"User\"},\"entities\":{\"type\":\"object\",\"title\":\"entities\",\"properties\":{\"hashtags\":{\"type\":\"array\",\"title\":\"hashtags\",\"items\":{\"type\":\"string\"},\"displayTitle\":\"Entities Hashtags\"},\"symbols\":{\"type\":\"array\",\"title\":\"symbols\",\"items\":{\"type\":\"string\"},\"displayTitle\":\"Entities Symbols\"},\"user_mentions\":{\"type\":\"array\",\"title\":\"user_mentions\",\"items\":{\"type\":\"string\"},\"displayTitle\":\"Entities User Mentions\"},\"urls\":{\"type\":\"array\",\"title\":\"urls\",\"items\":{\"type\":\"string\"},\"displayTitle\":\"Entities URLs\"}},\"displayTitle\":\"Entities\"}}}","version":"v1","title":"Post Tweet"},{"id":"start","type":"start","label":"Start","position":{"x":390,"y":332.5},"category":"special","help":"Start point of Flow","next":["c0","c2"],"prev":null,"output":[],"start":true,"original_label":"Start"},{"label":"Share On Linkedin","usage":{"html":"","link":{"href":"https://flowdocs.built.io/services/linkedin","title":"Doc Link"}},"icon":"linkedin","act_type":"default","provider":"LinkedIn","category":"service","position":{"x":759,"y":220.5},"type":"share_on_linkedin","id":"a0","next":["c3"],"prev":["c0"],"hasError":false,"original_label":"LinkedIn","hide_settings":false,"published":true,"global":true,"source":"cli","title":"Share On Linkedin","name":"share_on_linkedin","input":"{\"title\":\"Share On LinkedIn\",\"type\":\"object\",\"properties\":{\"comment\":{\"title\":\"Comment\",\"displayTitle\":\"Comment\",\"description\":\"Enter the content for the post you want to share. If you are sharing an item, (such as image, video, article, etc.) you can add a description about the item in this field.\",\"minLength\":1,\"type\":\"string\"},\"url\":{\"title\":\"Url\",\"displayTitle\":\"Url\",\"description\":\"Enter the URL for the item you want to share.\",\"type\":\"string\"},\"title\":{\"title\":\"Title\",\"displayTitle\":\"Title\",\"description\":\"Provide a title for the post you want to share.\",\"type\":\"string\"},\"visibility\":{\"title\":\"Visibility\",\"displayTitle\":\"Visibility\",\"description\":\"Specify who can view the shared post. Available options are ‘Connections’ and ‘Public’.\",\"type\":\"string\",\"enum\":[\"CONNECTIONS\",\"PUBLIC\"]},\"auth\":{\"title\":\"Authorize LinkedIn\",\"type\":\"string\",\"minLength\":1,\"propertyOrder\":1,\"oauth\":\"linkedin_447fbd8aa6\"}}}","output":"{\"title\":\"output\",\"type\":\"object\",\"properties\":{\"id\":{\"title\":\"id\",\"displayTitle\":\"Id\",\"type\":\"string\"}}}","version":"v3","connector_params":{"tenant":"fldf7ccc1e7aeb7b48a1c547","group":"LinkedIn","uid":"c25ec9ca-dd6b-4a0d-8adf-8bc9865e947b","build_id":"bl-d61fa1a2-c590-4196-8227-b081d6d4042f","connector_version":1},"uid":"70408bb5-4689-4cad-b39c-27b2ea66db18"}],"uid":"flbe772d74e0dd051938ccea","refid":"2i23VY7h4c","features":{"retry":{"enable":false,"max_attempts":3},"checkpoint":{"enable":false}},"mask":{"input":{"a0":[]},"output":{"a0":[]}},"description":"","tags":[],"webhook_settings":{"show_auth":false,"auth_type":"user_auth","webhook_auth":{"type":"basic","auth":{"user_name":"","password":""}},"webhook_token":{"type":"authtoken","auth":{"token":""}}},"config_data":[{"action_data":{"or":[]},"activity_id":"c0","type":"action_data","flow_version":1},{"type":"auth","activity_id":"a1","action":"Post Tweet","service":"Twitter","provider":"twitter","version":"v1","name":"Twitter #1","auth":"au44534c606502583924187a1e804f262f7e7ef2a6","flow_version":1},{"action_data":{"or":[]},"activity_id":"c2","type":"action_data","flow_version":1},{"action_data":{"or":[]},"activity_id":"c3","type":"action_data","flow_version":1},{"action_data":{"or":[]},"activity_id":"c4","type":"action_data","flow_version":1},{"type":"auth","activity_id":"a0","action":"Share On Linkedin","service":"LinkedIn","provider":"linkedin_447fbd8aa6","version":"v3","name":"LinkedIn #1","auth":"aubc388fee136ac929db73a35da322e7fe35fba0a6","flow_version":1},{"action_data":{"accessToken":"{{$config.auth.au44534c606502583924187a1e804f262f7e7ef2a6.access_token}}","_oauth":"{{$config.auth.au44534c606502583924187a1e804f262f7e7ef2a6}}","tweet":"{{$trigger.text}}","$lookup_label$$":{},"$input_expre$$ion":[]},"activity_id":"a1","type":"action_data","flow_version":1},{"action_data":{"auth":"{{$config.auth.aubc388fee136ac929db73a35da322e7fe35fba0a6.access_token}}","_oauth":"{{$config.auth.aubc388fee136ac929db73a35da322e7fe35fba0a6}}","comment":"{{$trigger.text}}","url":"{{$trigger.attachments[0].from_url}}","title":"","visibility":"CONNECTIONS","$lookup_label$$":{},"$input_expre$$ion":[]},"activity_id":"a0","type":"action_data","flow_version":1},{"type":"auth","activity_id":"start","action":"Start","service":"Slack","provider":"slack","name":"SAG","trigger":"tg-98cb17fa-92c4-4c5b-b8b7-aef3f8d0e579","auth":"au9afa854696494a70b234b2f0b44944de3ab50116","flow_version":1}],"custom_connector":[]}}