{"name":"CraeteTicketInFreshDesk&amp;Slack&amp;Twilio","description":"<p><span style=\"color: rgb(51, 51, 51);\">Let's imagine we have an DB system on on-premise where we store the ustomer information and this information is required for </span></p><p><span style=\"color: rgb(51, 51, 51);\">Case 1:In the Alarm severity=“CRITICAL”then </span></p><p><span style=\"color: rgb(51, 51, 51);\">&nbsp;&nbsp;Create ticket in freshdesk application</span></p><p><span style=\"color: rgb(51, 51, 51);\">&nbsp;&nbsp;Post the message in Slack channel</span></p><p><span style=\"color: rgb(51, 51, 51);\">&nbsp;&nbsp;Send an email </span></p><p><span style=\"color: rgb(51, 51, 51);\">Case 2(default):In the Alarm severity=not CRITICAL then</span></p><p><span style=\"color: rgb(51, 51, 51);\">&nbsp;Send an SMS using Twilio application</span></p>","template_schema":{"type":"object","title":"","properties":{"7a300d6a83c595284e938057f1e29f83":{"title":"Connect to Twilio","type":"string","connection":"twilio","minLength":1,"__icon":"twilio","__path":[["tsjewvylx","a4","acc_sid"]],"propertyOrder":1},"9897d76b41de25a4ceb358190b116a27":{"title":"Connect to Freshdesk","type":"string","minLength":1,"connection":"freshdesk","propertyOrder":2,"__icon":"freshdesk","__path":[["tsjewvylx","a1","connection"],["tsjewvylx","ga70","connection"]]},"225a59b60bd8dd43d0412fb7b021e855":{"type":"string","title":"Requester Email","minLength":1,"description":"Enter the email address of the requester. If no contact exists with this email address in your Freshdesk account, it will be added as a new contact","propertyOrder":4,"lookup":{"service":"freshdesk","id":"f11","searchable":false,"enabled":true,"auth":"connection","dependencies":["connection"],"__dependencies":[{"key":"connection","path":"9897d76b41de25a4ceb358190b116a27"}]},"__icon":"freshdesk","__path":[["tsjewvylx","a1","email"],["tsjewvylx","ga70","email"]]},"f476a8367978618ba0db05c3ad4094ba":{"title":"Status","type":"string","default":"Open","minLength":1,"description":"Select the status of the ticket. The default value for this field is set to ‘Open’","lookup":{"service":"freshdesk","id":"f13","searchable":false,"enabled":true,"auth":"connection","dependencies":["connection"],"__dependencies":[{"key":"connection","path":"9897d76b41de25a4ceb358190b116a27"}]},"propertyOrder":6,"__icon":"freshdesk","__path":[["tsjewvylx","a1","status"],["tsjewvylx","ga70","status"]]},"edcaf86510b40495ae057b05ab76940a":{"title":"Authorize Slack","type":"string","minLength":1,"oauth":"slack","propertyOrder":7,"__icon":"slack","__path":[["tsjewvylx","a11","AccessToken"]]},"5bf564c91117dba335e95622181e5fe3":{"type":"string","title":"Connect to Cumulocity","minLength":1,"connection":"cumulocity_v3","propertyOrder":8,"__icon":"cumulocity","__path":[["tsjewvylx","trigger","auth"]]}}},"icons":["cumulocity","switch","error","twilio","logger","freshdesk","email","slack"],"connectors":["Cumulocity","Developer Tools","Twilio","Freshdesk","Notification","Slack"],"flow_params":[],"project_params":[],"recipeVersion":1,"flow":{"_id":"5d07a342206e9a0080107e7c","configurations":{"debugger":false,"live_visualization":true,"container_size":256,"canvas_settings":{"zoom":0.8,"top":-8339,"left":-7980},"is_webhook":false,"is_webhook_auth":false,"params":[]},"trigger":{"icon":"cumulocity","active":true,"handlers":[{"_id":"5d02bb0fd1b7df007ad43a62","handlers":["fl4f6df56ee93de01ab6064e"],"inactive_handlers":[],"active":true,"interval":300000,"type":"listener","stop_at":0,"locked":false,"is_mock_updated":true,"provider":"cumulocity-v3","label":"Cumulocity trigger #1","created_by":"fla41544a42ce1a394dea10b","tenant_uid":"fl08ff2ed6fd630fb82c6d73","env_uid":"fl136fdd4ac74c82bd71ad95","project_uid":"fl25382c68378c7be8681533","data":{"event":"Alarm","deviceId":"10300","event_type":"Alarm","auth":"uconn09e3e5872d742403137ceec064d1d6e5dd1d9d6d","_connection":"{{$config.connection.uconn09e3e5872d742403137ceec064d1d6e5dd1d9d6d}}","customFilters":[],"$lookup_label$$":{}},"mock_data":"{\"message\":{\"severity\":\"MAJOR\",\"creationTime\":\"2019-06-19T16:39:06.377Z\",\"count\":1,\"history\":{\"auditRecords\":[],\"self\":\"http://democloud.cumulocity.com/audit/auditRecords\"},\"source\":{\"name\":\"A demo device\",\"self\":\"http://democloud.cumulocity.com/inventory/managedObjects/10300\",\"id\":\"10300\"},\"type\":\"c8y_UnavailabilityAlarm\",\"self\":\"http://democloud.cumulocity.com/alarm/alarms/31645\",\"time\":\"2019-06-19T16:39:06.377Z\",\"text\":\"No data received from device within required interval.\",\"status\":\"ACTIVE\",\"channel\":\"/alarms/10300\",\"realtimeAction\":\"CREATE\"}}","is_tested":false,"auth_uid":"uconn09e3e5872d742403137ceec064d1d6e5dd1d9d6d","uid":"lstnr-72828a7c-c040-48e9-932f-ebb706e6e896","version":"v3","title":"Cumulocity","input":"{\"type\":\"object\",\"title\":\"Select Trigger\",\"properties\":{\"auth\":{\"type\":\"string\",\"title\":\"Connect to Cumulocity\",\"minLength\":1,\"connection\":\"cumulocity_v3\",\"propertyOrder\":1},\"deviceId\":{\"type\":\"string\",\"title\":\" Device ID\",\"minLength\":1,\"description\":\"Enter the device ID for which you want to set the trigger. A device ID can be the MAC address of the network adapter, the IMEI of a mobile device, or a hardware serial number. E.g., 2480300 or * for all devices\"},\"customFilters\":{\"type\":\"array\",\"title\":\"Custom Filters\",\"items\":{\"type\":\"object\",\"title\":\"filter\",\"properties\":{\"input\":{\"type\":\"string\",\"title\":\"Input\",\"minLength\":1},\"operator\":{\"type\":\"string\",\"title\":\"Condition\",\"enum\":[\"Equals\",\"Equals(Number)\",\"GreaterThan\",\"LessThan\",\"Contains\",\"DoesNotContains\",\"ObjectHasKey\",\"matches\",\"isNull\",\"isEmpty\",\"isNumber\",\"isObject\",\"isArray\",\"isBoolean\",\"isDate\",\"isUndefined\"]},\"expected\":{\"type\":\"string\",\"title\":\"Expected\",\"minLength\":1}}}}},\"oneOf\":[{\"type\":\"object\",\"title\":\"Alarm\",\"properties\":{\"event\":{\"type\":\"string\",\"enum\":[\"Alarm\"],\"options\":{\"hidden\":true}},\"event_type\":{\"minLenght\":1,\"type\":\"string\",\"title\":\"Event Type\",\"description\":\"Select the type of the event for which you want to set the trigger\",\"enum\":[\"Alarm\"],\"options\":{\"hidden\":true}}}},{\"type\":\"object\",\"title\":\"Event\",\"properties\":{\"event\":{\"type\":\"string\",\"enum\":[\"Event\"],\"options\":{\"hidden\":true}},\"event_type\":{\"minLenght\":1,\"type\":\"string\",\"title\":\"Event Type\",\"description\":\"Select the type of the event for which you want to set the trigger\",\"enum\":[\"Event\"],\"options\":{\"hidden\":true}}}},{\"type\":\"object\",\"title\":\"Measurement\",\"properties\":{\"event\":{\"type\":\"string\",\"enum\":[\"Measurement\"],\"options\":{\"hidden\":true}},\"event_type\":{\"minLenght\":1,\"type\":\"string\",\"title\":\"Event Type\",\"description\":\"Select the type of the event for which you want to set the trigger\",\"enum\":[\"Measurement\"],\"options\":{\"hidden\":true}}}}]}","event":"Alarm","auth_type":"connection","last_occurrence":1560460047601,"output":"{\"Alarm\":{\"type\":\"object\",\"properties\":{}},\"Event\":{\"type\":\"object\",\"properties\":{}},\"Measurement\":{\"type\":\"object\",\"properties\":{}}}","icon":"cumulocity","polling":false,"processorId":"d20a1d78-c11a-47d2-8e9a-17b84ddb7c1b","created_at":"2019-06-13T21:07:27.601Z","updated_at":"2019-06-13T21:07:27.601Z","event_title":"Alarm","__v":0,"instanceId":"i-0dca1eb2721555cec"}]},"draft":false,"flow_version":1,"activity_icons":["switch","error","twilio","logger","freshdesk","email","slack","freshdesk"],"transform":[],"name":"CraeteTicketInFreshDesk&Slack&Twilio","project_uid":"fl25382c68378c7be8681533","tenant_uid":"fl08ff2ed6fd630fb82c6d73","action_schema":[{"id":"stop","type":"stop","label":"Stop","position":{"x":1184,"y":145},"category":"special","help":"End point of Flow","next":null,"prev":["c5","c24"],"output":[]},{"category":"utilities","published":true,"hide_settings":false,"marketing_category":[],"act_type":"default","version":"v3","usage":{"html":"Switch action to continue on flow path based on conditions","link":{"href":"https://flowdocs.built.io/guide/switch","title":"Doc Link"}},"name":"devtools-switch","title":"Switch","input":"{}","output":"{\"title\":\"output\",\"type\":\"object\",\"properties\":{\"result\":{\"type\":\"string\",\"title\":\"result\",\"displayTitle\":\"Result\"},\"next\":{\"type\":\"array\",\"title\":\"next\",\"displayTitle\":\"Next Actions\",\"items\":{}},\"status\":{\"type\":\"boolean\",\"title\":\"status\",\"displayTitle\":\"Status\"}}}","icon":"switch","provider":"Developer Tools","uid":"actb91a7ee81ff4ccb6c9c5b2","position":{"x":305.5,"y":100.75},"type":"devtools-switch","id":"a0","next":["c1","c2"],"prev":["c22"],"label":"Switch","hasError":false},{"category":"default","published":false,"hide_settings":false,"marketing_category":[],"uid":"act5b9c11c345c41102bf02a5","name":"condition","input":"{\"title\":\"Condition Activity\",\"description\":\"Only flow continue when\",\"type\":\"object\",\"properties\":{\"or\":{\"type\":\"array\",\"title\":\"Conditions\",\"items\":{\"type\":\"object\",\"title\":\"Condition\",\"properties\":{\"and\":{\"type\":\"array\",\"title\":\"Filters\",\"items\":{\"type\":\"object\",\"title\":\"Filter\",\"format\":\"table\",\"properties\":{\"input\":{\"type\":\"string\",\"title\":\"Input\",\"minLength\":1},\"operator\":{\"title\":\"Condition\",\"description\":\"Select proper condition\",\"type\":\"string\",\"enum\":[\"(Text) Matches\",\"(Text) Exactly Matches\",\"(Text) Does Not Match\",\"(Text) Does Not Exactly Match\",\"(Text) Contains\",\"(Text) Does Not Contain\",\"(Text) Starts With\",\"(Text) Does Not Start With\",\"(Text) Ends With\",\"(Text) Does Not End With\",\"(Text) Is Alphanumeric\",\"(Text) Is Empty\",\"(Number) Equals\",\"(Number) Not Equals\",\"(Number) Greater Than\",\"(Number) Greater Than Equals\",\"(Number) Less Than\",\"(Number) Less Than Equals\",\"(Number) Is Negative\",\"(Number) Is Positive\",\"(Date/Time) Equals\",\"(Date/Time) Less Than\",\"(Date/Time) Less Than Equals\",\"(Date/Time) Greater Than\",\"(Date/Time) Greater Than Equals\",\"(Array) Length Equals\",\"(Array) Length Does Not Equals\",\"(Array) Length Less Than\",\"(Array) Length Less Than Equals\",\"(Array) Length Greater Than\",\"(Array) Length Greater Than Equals\",\"(Array) Is Empty\",\"(Array) Contains All Object\",\"(Array) Contains All String\",\"(Array) Contains All Number\",\"(Array) Contains All Object And Has This Property\",\"(Object) Has Property\",\"(Object) Does Not Have Property\",\"(Object) Is Empty\",\"(Regex) Match Pattern\",\"(Boolean) Is Value True\",\"(Boolean) Is Value False\",\"(Input) Exists\",\"(Input) Does Not Exist\",\"(Input) Is Null\",\"(Input) Is String\",\"(Input) Is Number\",\"(Input) Is Date\",\"(Input) Is An Array\",\"(Input) Is An Object\",\"(Input) Is Boolean\",\"(Input) Data Type Is\"]},\"expected\":{\"type\":\"string\",\"title\":\"Expected\",\"description\":\"Value you are expecting, default value is true incase of condition start with Is\"}}}}}}}}}","output":"{\"title\":\"output\",\"type\":\"object\",\"properties\":{\"fields\":{\"type\":\"array\",\"title\":\"fields\",\"items\":{\"type\":\"object\"}},\"error\":{\"type\":\"string\",\"title\":\"error\"}}}","usage":{"html":"Allows you to check conditions.","link":{"title":"Help","href":"https://flowdocs.built.io/concepts/conditions"}},"version":"v3","icon":"condition","act_type":"default","title":"Condition","provider":"Internal Only","next":["stop"],"prev":["a4"],"id":"c5","type":"condition","label":"condition","datsetConnectionDetachableition":{},"json":"{\"title\":\"Condition Activity\",\"description\":\"Only flow continue when\",\"type\":\"object\",\"properties\":{\"or\":{\"type\":\"array\",\"title\":\"Conditions\",\"items\":{\"type\":\"object\",\"title\":\"Condition\",\"properties\":{\"and\":{\"type\":\"array\",\"title\":\"Filters\",\"items\":{\"type\":\"object\",\"title\":\"Filter\",\"format\":\"table\",\"properties\":{\"input\":{\"type\":\"string\",\"title\":\"Input\",\"minLength\":1},\"operator\":{\"title\":\"Condition\",\"description\":\"Select proper condition\",\"type\":\"string\",\"enum\":[\"(Text) Matches\",\"(Text) Exactly Matches\",\"(Text) Does Not Match\",\"(Text) Does Not Exactly Match\",\"(Text) Contains\",\"(Text) Does Not Contain\",\"(Text) Starts With\",\"(Text) Does Not Start With\",\"(Text) Ends With\",\"(Text) Does Not End With\",\"(Text) Is Alphanumeric\",\"(Text) Is Empty\",\"(Number) Equals\",\"(Number) Not Equals\",\"(Number) Greater Than\",\"(Number) Greater Than Equals\",\"(Number) Less Than\",\"(Number) Less Than Equals\",\"(Number) Is Negative\",\"(Number) Is Positive\",\"(Date/Time) Equals\",\"(Date/Time) Less Than\",\"(Date/Time) Less Than Equals\",\"(Date/Time) Greater Than\",\"(Date/Time) Greater Than Equals\",\"(Array) Length Equals\",\"(Array) Length Does Not Equals\",\"(Array) Length Less Than\",\"(Array) Length Less Than Equals\",\"(Array) Length Greater Than\",\"(Array) Length Greater Than Equals\",\"(Array) Is Empty\",\"(Array) Contains All Object\",\"(Array) Contains All String\",\"(Array) Contains All Number\",\"(Array) Contains All Object And Has This Property\",\"(Object) Has Property\",\"(Object) Does Not Have Property\",\"(Object) Is Empty\",\"(Regex) Match Pattern\",\"(Boolean) Is Value True\",\"(Boolean) Is Value False\",\"(Input) Exists\",\"(Input) Does Not Exist\",\"(Input) Is Null\",\"(Input) Is String\",\"(Input) Is Number\",\"(Input) Is Date\",\"(Input) Is An Array\",\"(Input) Is An Object\",\"(Input) Is Boolean\",\"(Input) Data Type Is\"]},\"expected\":{\"type\":\"string\",\"title\":\"Expected\",\"description\":\"Value you are expecting, default value is true incase of condition start with Is\"}}}}}}}}}"},{"category":"utilities","published":true,"hide_settings":true,"marketing_category":["developer"],"uid":"act41aa7c8ae5f7c8f890ed5a","act_type":"default","version":"v1","usage":{"link":{"title":"","href":""},"html":"Handle error in Workflow globally"},"name":"global-error-handler","input":"{}","output":"{\"type\":\"object\",\"properties\":{\"message\":{\"type\":\"string\",\"title\":\"message\",\"displayTitle\":\"Message\"},\"stack\":{\"type\":\"string\",\"title\":\"stack\",\"displayTitle\":\"Stack\"},\"failed_action_id\":{\"type\":\"string\",\"title\":\"failed action id\",\"displayTitle\":\"Failed Action ID\"}}}","icon":"error","title":"Global Error Handler","provider":"Developer Tools","position":{"x":344,"y":318.25},"type":"global-error-handler","id":"a7","next":[],"prev":[],"label":"Global Error Handler","start":["gca70"],"stop":["gca71"]},{"category":"default","published":false,"hide_settings":false,"marketing_category":[],"uid":"act5b9c11c345c41102bf02a5","name":"condition","input":"{\"title\":\"Condition Activity\",\"description\":\"Only flow continue when\",\"type\":\"object\",\"properties\":{\"or\":{\"type\":\"array\",\"title\":\"Conditions\",\"items\":{\"type\":\"object\",\"title\":\"Condition\",\"properties\":{\"and\":{\"type\":\"array\",\"title\":\"Filters\",\"items\":{\"type\":\"object\",\"title\":\"Filter\",\"format\":\"table\",\"properties\":{\"input\":{\"type\":\"string\",\"title\":\"Input\",\"minLength\":1},\"operator\":{\"title\":\"Condition\",\"description\":\"Select proper condition\",\"type\":\"string\",\"enum\":[\"(Text) Matches\",\"(Text) Exactly Matches\",\"(Text) Does Not Match\",\"(Text) Does Not Exactly Match\",\"(Text) Contains\",\"(Text) Does Not Contain\",\"(Text) Starts With\",\"(Text) Does Not Start With\",\"(Text) Ends With\",\"(Text) Does Not End With\",\"(Text) Is Alphanumeric\",\"(Text) Is Empty\",\"(Number) Equals\",\"(Number) Not Equals\",\"(Number) Greater Than\",\"(Number) Greater Than Equals\",\"(Number) Less Than\",\"(Number) Less Than Equals\",\"(Number) Is Negative\",\"(Number) Is Positive\",\"(Date/Time) Equals\",\"(Date/Time) Less Than\",\"(Date/Time) Less Than Equals\",\"(Date/Time) Greater Than\",\"(Date/Time) Greater Than Equals\",\"(Array) Length Equals\",\"(Array) Length Does Not Equals\",\"(Array) Length Less Than\",\"(Array) Length Less Than Equals\",\"(Array) Length Greater Than\",\"(Array) Length Greater Than Equals\",\"(Array) Is Empty\",\"(Array) Contains All Object\",\"(Array) Contains All String\",\"(Array) Contains All Number\",\"(Array) Contains All Object And Has This Property\",\"(Object) Has Property\",\"(Object) Does Not Have Property\",\"(Object) Is Empty\",\"(Regex) Match Pattern\",\"(Boolean) Is Value True\",\"(Boolean) Is Value False\",\"(Input) Exists\",\"(Input) Does Not Exist\",\"(Input) Is Null\",\"(Input) Is String\",\"(Input) Is Number\",\"(Input) Is Date\",\"(Input) Is An Array\",\"(Input) Is An Object\",\"(Input) Is Boolean\",\"(Input) Data Type Is\"]},\"expected\":{\"type\":\"string\",\"title\":\"Expected\",\"description\":\"Value you are expecting, default value is true incase of condition start with Is\"}}}}}}}}}","output":"{\"title\":\"output\",\"type\":\"object\",\"properties\":{\"fields\":{\"type\":\"array\",\"title\":\"fields\",\"items\":{\"type\":\"object\"}},\"error\":{\"type\":\"string\",\"title\":\"error\"}}}","usage":{"html":"Allows you to check conditions.","link":{"title":"Help","href":"https://flowdocs.built.io/concepts/conditions"}},"version":"v3","icon":"condition","act_type":"default","title":"Condition","provider":"Internal Only","next":["a4"],"prev":["a0"],"id":"c2","type":"condition","label":"condition","datsetConnectionDetachableition":{},"json":"{\"title\":\"Condition Activity\",\"description\":\"Only flow continue when\",\"type\":\"object\",\"properties\":{\"or\":{\"type\":\"array\",\"title\":\"Conditions\",\"items\":{\"type\":\"object\",\"title\":\"Condition\",\"properties\":{\"and\":{\"type\":\"array\",\"title\":\"Filters\",\"items\":{\"type\":\"object\",\"title\":\"Filter\",\"format\":\"table\",\"properties\":{\"input\":{\"type\":\"string\",\"title\":\"Input\",\"minLength\":1},\"operator\":{\"title\":\"Condition\",\"description\":\"Select proper condition\",\"type\":\"string\",\"enum\":[\"(Text) Matches\",\"(Text) Exactly Matches\",\"(Text) Does Not Match\",\"(Text) Does Not Exactly Match\",\"(Text) Contains\",\"(Text) Does Not Contain\",\"(Text) Starts With\",\"(Text) Does Not Start With\",\"(Text) Ends With\",\"(Text) Does Not End With\",\"(Text) Is Alphanumeric\",\"(Text) Is Empty\",\"(Number) Equals\",\"(Number) Not Equals\",\"(Number) Greater Than\",\"(Number) Greater Than Equals\",\"(Number) Less Than\",\"(Number) Less Than Equals\",\"(Number) Is Negative\",\"(Number) Is Positive\",\"(Date/Time) Equals\",\"(Date/Time) Less Than\",\"(Date/Time) Less Than Equals\",\"(Date/Time) Greater Than\",\"(Date/Time) Greater Than Equals\",\"(Array) Length Equals\",\"(Array) Length Does Not Equals\",\"(Array) Length Less Than\",\"(Array) Length Less Than Equals\",\"(Array) Length Greater Than\",\"(Array) Length Greater Than Equals\",\"(Array) Is Empty\",\"(Array) Contains All Object\",\"(Array) Contains All String\",\"(Array) Contains All Number\",\"(Array) Contains All Object And Has This Property\",\"(Object) Has Property\",\"(Object) Does Not Have Property\",\"(Object) Is Empty\",\"(Regex) Match Pattern\",\"(Boolean) Is Value True\",\"(Boolean) Is Value False\",\"(Input) Exists\",\"(Input) Does Not Exist\",\"(Input) Is Null\",\"(Input) Is String\",\"(Input) Is Number\",\"(Input) Is Date\",\"(Input) Is An Array\",\"(Input) Is An Object\",\"(Input) Is Boolean\",\"(Input) Data Type Is\"]},\"expected\":{\"type\":\"string\",\"title\":\"Expected\",\"description\":\"Value you are expecting, default value is true incase of condition start with Is\"}}}}}}}}}","case":0,"original_label":"condition"},{"label":"Send an SMS","usage":{"link":{"title":"Doc link","href":"https://flowdocs.built.io/activity/twilio/send-an-sms"},"html":"Make outgoing calls to phones"},"icon":"twilio","act_type":"default","provider":"Twilio","category":"service","position":{"x":634,"y":210},"type":"twilio-phone-sms","id":"a4","next":["c5"],"prev":["c2"],"hasError":false,"original_label":"Twilio","published":true,"hide_settings":false,"marketing_category":["communications"],"uid":"act8006d88ca3d7efcbab73b1","input":"{\"title\":\"Twilio SMS\",\"type\":\"object\",\"properties\":{\"acc_sid\":{\"title\":\"Connect to Twilio\",\"type\":\"string\",\"connection\":\"twilio\",\"minLength\":1},\"to_number\":{\"title\":\"To Number\",\"type\":\"string\",\"description\":\"The destination phone number. Format with a '+' and country code e.g., +16175551212 (E.164 format). For 'To' numbers without a '+', Twilio will use the same country code as the 'From' number. Twilio will also attempt to handle locally formatted numbers for that country code (e.g. (415) 555-1212 for US, 07400123456 for GB). If you are sending to a different country than the 'From' number, you must include a '+' and the country code to ensure proper delivery\",\"minLength\":1},\"from_number\":{\"title\":\"From Number\",\"type\":\"string\",\"description\":\"A Twilio phone number or alphanumeric sender ID enabled for the type of message you wish to send. Phone numbers or short codes purchased from Twilio work here. You cannot (for example) spoof messages from your own cell phone number\",\"minLength\":1},\"msg_body\":{\"title\":\"Message\",\"type\":\"string\",\"format\":\"textarea\",\"minLength\":1,\"description\":\"The text of the message you want to send\"}}}","name":"twilio-phone-sms","output":"{\"type\":\"object\",\"properties\":{\"sid\":{\"type\":\"string\",\"title\":\"sid\",\"displayTitle\":\"ID\"},\"date_created\":{\"type\":\"string\",\"title\":\"date_created\",\"displayTitle\":\"Date Created\"},\"to\":{\"type\":\"string\",\"title\":\"to\",\"displayTitle\":\"To\"},\"from\":{\"type\":\"string\",\"title\":\"from\",\"displayTitle\":\"From\"},\"num_segments\":{\"type\":\"string\",\"title\":\"num_segments\",\"displayTitle\":\"Number Segments\"},\"status\":{\"type\":\"string\",\"title\":\"status\",\"displayTitle\":\"Status\"},\"direction\":{\"type\":\"string\",\"title\":\"direction\",\"displayTitle\":\"Direction\"},\"uri\":{\"type\":\"string\",\"title\":\"uri\",\"displayTitle\":\"URI\"},\"price\":{\"type\":\"string\",\"title\":\"price\",\"displayTitle\":\"Price\"},\"price_unit\":{\"type\":\"string\",\"title\":\"price_unit\",\"displayTitle\":\"Price Unit\"}}}","version":"v1","title":"Send an SMS"},{"category":"default","published":false,"hide_settings":false,"marketing_category":[],"uid":"act5b9c11c345c41102bf02a5","name":"condition","input":"{\"title\":\"Condition Activity\",\"description\":\"Only flow continue when\",\"type\":\"object\",\"properties\":{\"or\":{\"type\":\"array\",\"title\":\"Conditions\",\"items\":{\"type\":\"object\",\"title\":\"Condition\",\"properties\":{\"and\":{\"type\":\"array\",\"title\":\"Filters\",\"items\":{\"type\":\"object\",\"title\":\"Filter\",\"format\":\"table\",\"properties\":{\"input\":{\"type\":\"string\",\"title\":\"Input\",\"minLength\":1},\"operator\":{\"title\":\"Condition\",\"description\":\"Select proper condition\",\"type\":\"string\",\"enum\":[\"(Text) Matches\",\"(Text) Exactly Matches\",\"(Text) Does Not Match\",\"(Text) Does Not Exactly Match\",\"(Text) Contains\",\"(Text) Does Not Contain\",\"(Text) Starts With\",\"(Text) Does Not Start With\",\"(Text) Ends With\",\"(Text) Does Not End With\",\"(Text) Is Alphanumeric\",\"(Text) Is Empty\",\"(Number) Equals\",\"(Number) Not Equals\",\"(Number) Greater Than\",\"(Number) Greater Than Equals\",\"(Number) Less Than\",\"(Number) Less Than Equals\",\"(Number) Is Negative\",\"(Number) Is Positive\",\"(Date/Time) Equals\",\"(Date/Time) Less Than\",\"(Date/Time) Less Than Equals\",\"(Date/Time) Greater Than\",\"(Date/Time) Greater Than Equals\",\"(Array) Length Equals\",\"(Array) Length Does Not Equals\",\"(Array) Length Less Than\",\"(Array) Length Less Than Equals\",\"(Array) Length Greater Than\",\"(Array) Length Greater Than Equals\",\"(Array) Is Empty\",\"(Array) Contains All Object\",\"(Array) Contains All String\",\"(Array) Contains All Number\",\"(Array) Contains All Object And Has This Property\",\"(Object) Has Property\",\"(Object) Does Not Have Property\",\"(Object) Is Empty\",\"(Regex) Match Pattern\",\"(Boolean) Is Value True\",\"(Boolean) Is Value False\",\"(Input) Exists\",\"(Input) Does Not Exist\",\"(Input) Is Null\",\"(Input) Is String\",\"(Input) Is Number\",\"(Input) Is Date\",\"(Input) Is An Array\",\"(Input) Is An Object\",\"(Input) Is Boolean\",\"(Input) Data Type Is\"]},\"expected\":{\"type\":\"string\",\"title\":\"Expected\",\"description\":\"Value you are expecting, default value is true incase of condition start with Is\"}}}}}}}}}","output":"{\"title\":\"output\",\"type\":\"object\",\"properties\":{\"fields\":{\"type\":\"array\",\"title\":\"fields\",\"items\":{\"type\":\"object\"}},\"error\":{\"type\":\"string\",\"title\":\"error\"}}}","usage":{"html":"Allows you to check conditions.","link":{"title":"Help","href":"https://flowdocs.built.io/concepts/conditions"}},"version":"v3","icon":"condition","act_type":"default","title":"Condition","provider":"Internal Only","next":["a9"],"prev":["a1"],"id":"c18","type":"condition","label":"condition","datsetConnectionDetachableition":{},"json":"{\"title\":\"Condition Activity\",\"description\":\"Only flow continue when\",\"type\":\"object\",\"properties\":{\"or\":{\"type\":\"array\",\"title\":\"Conditions\",\"items\":{\"type\":\"object\",\"title\":\"Condition\",\"properties\":{\"and\":{\"type\":\"array\",\"title\":\"Filters\",\"items\":{\"type\":\"object\",\"title\":\"Filter\",\"format\":\"table\",\"properties\":{\"input\":{\"type\":\"string\",\"title\":\"Input\",\"minLength\":1},\"operator\":{\"title\":\"Condition\",\"description\":\"Select proper condition\",\"type\":\"string\",\"enum\":[\"(Text) Matches\",\"(Text) Exactly Matches\",\"(Text) Does Not Match\",\"(Text) Does Not Exactly Match\",\"(Text) Contains\",\"(Text) Does Not Contain\",\"(Text) Starts With\",\"(Text) Does Not Start With\",\"(Text) Ends With\",\"(Text) Does Not End With\",\"(Text) Is Alphanumeric\",\"(Text) Is Empty\",\"(Number) Equals\",\"(Number) Not Equals\",\"(Number) Greater Than\",\"(Number) Greater Than Equals\",\"(Number) Less Than\",\"(Number) Less Than Equals\",\"(Number) Is Negative\",\"(Number) Is Positive\",\"(Date/Time) Equals\",\"(Date/Time) Less Than\",\"(Date/Time) Less Than Equals\",\"(Date/Time) Greater Than\",\"(Date/Time) Greater Than Equals\",\"(Array) Length Equals\",\"(Array) Length Does Not Equals\",\"(Array) Length Less Than\",\"(Array) Length Less Than Equals\",\"(Array) Length Greater Than\",\"(Array) Length Greater Than Equals\",\"(Array) Is Empty\",\"(Array) Contains All Object\",\"(Array) Contains All String\",\"(Array) Contains All Number\",\"(Array) Contains All Object And Has This Property\",\"(Object) Has Property\",\"(Object) Does Not Have Property\",\"(Object) Is Empty\",\"(Regex) Match Pattern\",\"(Boolean) Is Value True\",\"(Boolean) Is Value False\",\"(Input) Exists\",\"(Input) Does Not Exist\",\"(Input) Is Null\",\"(Input) Is String\",\"(Input) Is Number\",\"(Input) Is Date\",\"(Input) Is An Array\",\"(Input) Is An Object\",\"(Input) Is Boolean\",\"(Input) Data Type Is\"]},\"expected\":{\"type\":\"string\",\"title\":\"Expected\",\"description\":\"Value you are expecting, default value is true incase of condition start with Is\"}}}}}}}}}"},{"category":"default","published":false,"hide_settings":false,"marketing_category":[],"uid":"act5b9c11c345c41102bf02a5","name":"condition","input":"{\"title\":\"Condition Activity\",\"description\":\"Only flow continue when\",\"type\":\"object\",\"properties\":{\"or\":{\"type\":\"array\",\"title\":\"Conditions\",\"items\":{\"type\":\"object\",\"title\":\"Condition\",\"properties\":{\"and\":{\"type\":\"array\",\"title\":\"Filters\",\"items\":{\"type\":\"object\",\"title\":\"Filter\",\"format\":\"table\",\"properties\":{\"input\":{\"type\":\"string\",\"title\":\"Input\",\"minLength\":1},\"operator\":{\"title\":\"Condition\",\"description\":\"Select proper condition\",\"type\":\"string\",\"enum\":[\"(Text) Matches\",\"(Text) Exactly Matches\",\"(Text) Does Not Match\",\"(Text) Does Not Exactly Match\",\"(Text) Contains\",\"(Text) Does Not Contain\",\"(Text) Starts With\",\"(Text) Does Not Start With\",\"(Text) Ends With\",\"(Text) Does Not End With\",\"(Text) Is Alphanumeric\",\"(Text) Is Empty\",\"(Number) Equals\",\"(Number) Not Equals\",\"(Number) Greater Than\",\"(Number) Greater Than Equals\",\"(Number) Less Than\",\"(Number) Less Than Equals\",\"(Number) Is Negative\",\"(Number) Is Positive\",\"(Date/Time) Equals\",\"(Date/Time) Less Than\",\"(Date/Time) Less Than Equals\",\"(Date/Time) Greater Than\",\"(Date/Time) Greater Than Equals\",\"(Array) Length Equals\",\"(Array) Length Does Not Equals\",\"(Array) Length Less Than\",\"(Array) Length Less Than Equals\",\"(Array) Length Greater Than\",\"(Array) Length Greater Than Equals\",\"(Array) Is Empty\",\"(Array) Contains All Object\",\"(Array) Contains All String\",\"(Array) Contains All Number\",\"(Array) Contains All Object And Has This Property\",\"(Object) Has Property\",\"(Object) Does Not Have Property\",\"(Object) Is Empty\",\"(Regex) Match Pattern\",\"(Boolean) Is Value True\",\"(Boolean) Is Value False\",\"(Input) Exists\",\"(Input) Does Not Exist\",\"(Input) Is Null\",\"(Input) Is String\",\"(Input) Is Number\",\"(Input) Is Date\",\"(Input) Is An Array\",\"(Input) Is An Object\",\"(Input) Is Boolean\",\"(Input) Data Type Is\"]},\"expected\":{\"type\":\"string\",\"title\":\"Expected\",\"description\":\"Value you are expecting, default value is true incase of condition start with Is\"}}}}}}}}}","output":"{\"title\":\"output\",\"type\":\"object\",\"properties\":{\"fields\":{\"type\":\"array\",\"title\":\"fields\",\"items\":{\"type\":\"object\"}},\"error\":{\"type\":\"string\",\"title\":\"error\"}}}","usage":{"html":"Allows you to check conditions.","link":{"title":"Help","href":"https://flowdocs.built.io/concepts/conditions"}},"version":"v3","icon":"condition","act_type":"default","title":"Condition","provider":"Internal Only","next":["a10"],"prev":["start"],"id":"c21","type":"condition","label":"condition","datsetConnectionDetachableition":{},"json":"{\"title\":\"Condition Activity\",\"description\":\"Only flow continue when\",\"type\":\"object\",\"properties\":{\"or\":{\"type\":\"array\",\"title\":\"Conditions\",\"items\":{\"type\":\"object\",\"title\":\"Condition\",\"properties\":{\"and\":{\"type\":\"array\",\"title\":\"Filters\",\"items\":{\"type\":\"object\",\"title\":\"Filter\",\"format\":\"table\",\"properties\":{\"input\":{\"type\":\"string\",\"title\":\"Input\",\"minLength\":1},\"operator\":{\"title\":\"Condition\",\"description\":\"Select proper condition\",\"type\":\"string\",\"enum\":[\"(Text) Matches\",\"(Text) Exactly Matches\",\"(Text) Does Not Match\",\"(Text) Does Not Exactly Match\",\"(Text) Contains\",\"(Text) Does Not Contain\",\"(Text) Starts With\",\"(Text) Does Not Start With\",\"(Text) Ends With\",\"(Text) Does Not End With\",\"(Text) Is Alphanumeric\",\"(Text) Is Empty\",\"(Number) Equals\",\"(Number) Not Equals\",\"(Number) Greater Than\",\"(Number) Greater Than Equals\",\"(Number) Less Than\",\"(Number) Less Than Equals\",\"(Number) Is Negative\",\"(Number) Is Positive\",\"(Date/Time) Equals\",\"(Date/Time) Less Than\",\"(Date/Time) Less Than Equals\",\"(Date/Time) Greater Than\",\"(Date/Time) Greater Than Equals\",\"(Array) Length Equals\",\"(Array) Length Does Not Equals\",\"(Array) Length Less Than\",\"(Array) Length Less Than Equals\",\"(Array) Length Greater Than\",\"(Array) Length Greater Than Equals\",\"(Array) Is Empty\",\"(Array) Contains All Object\",\"(Array) Contains All String\",\"(Array) Contains All Number\",\"(Array) Contains All Object And Has This Property\",\"(Object) Has Property\",\"(Object) Does Not Have Property\",\"(Object) Is Empty\",\"(Regex) Match Pattern\",\"(Boolean) Is Value True\",\"(Boolean) Is Value False\",\"(Input) Exists\",\"(Input) Does Not Exist\",\"(Input) Is Null\",\"(Input) Is String\",\"(Input) Is Number\",\"(Input) Is Date\",\"(Input) Is An Array\",\"(Input) Is An Object\",\"(Input) Is Boolean\",\"(Input) Data Type Is\"]},\"expected\":{\"type\":\"string\",\"title\":\"Expected\",\"description\":\"Value you are expecting, default value is true incase of condition start with Is\"}}}}}}}}}"},{"category":"default","published":false,"hide_settings":false,"marketing_category":[],"uid":"act5b9c11c345c41102bf02a5","name":"condition","input":"{\"title\":\"Condition Activity\",\"description\":\"Only flow continue when\",\"type\":\"object\",\"properties\":{\"or\":{\"type\":\"array\",\"title\":\"Conditions\",\"items\":{\"type\":\"object\",\"title\":\"Condition\",\"properties\":{\"and\":{\"type\":\"array\",\"title\":\"Filters\",\"items\":{\"type\":\"object\",\"title\":\"Filter\",\"format\":\"table\",\"properties\":{\"input\":{\"type\":\"string\",\"title\":\"Input\",\"minLength\":1},\"operator\":{\"title\":\"Condition\",\"description\":\"Select proper condition\",\"type\":\"string\",\"enum\":[\"(Text) Matches\",\"(Text) Exactly Matches\",\"(Text) Does Not Match\",\"(Text) Does Not Exactly Match\",\"(Text) Contains\",\"(Text) Does Not Contain\",\"(Text) Starts With\",\"(Text) Does Not Start With\",\"(Text) Ends With\",\"(Text) Does Not End With\",\"(Text) Is Alphanumeric\",\"(Text) Is Empty\",\"(Number) Equals\",\"(Number) Not Equals\",\"(Number) Greater Than\",\"(Number) Greater Than Equals\",\"(Number) Less Than\",\"(Number) Less Than Equals\",\"(Number) Is Negative\",\"(Number) Is Positive\",\"(Date/Time) Equals\",\"(Date/Time) Less Than\",\"(Date/Time) Less Than Equals\",\"(Date/Time) Greater Than\",\"(Date/Time) Greater Than Equals\",\"(Array) Length Equals\",\"(Array) Length Does Not Equals\",\"(Array) Length Less Than\",\"(Array) Length Less Than Equals\",\"(Array) Length Greater Than\",\"(Array) Length Greater Than Equals\",\"(Array) Is Empty\",\"(Array) Contains All Object\",\"(Array) Contains All String\",\"(Array) Contains All Number\",\"(Array) Contains All Object And Has This Property\",\"(Object) Has Property\",\"(Object) Does Not Have Property\",\"(Object) Is Empty\",\"(Regex) Match Pattern\",\"(Boolean) Is Value True\",\"(Boolean) Is Value False\",\"(Input) Exists\",\"(Input) Does Not Exist\",\"(Input) Is Null\",\"(Input) Is String\",\"(Input) Is Number\",\"(Input) Is Date\",\"(Input) Is An Array\",\"(Input) Is An Object\",\"(Input) Is Boolean\",\"(Input) Data Type Is\"]},\"expected\":{\"type\":\"string\",\"title\":\"Expected\",\"description\":\"Value you are expecting, default value is true incase of condition start with Is\"}}}}}}}}}","output":"{\"title\":\"output\",\"type\":\"object\",\"properties\":{\"fields\":{\"type\":\"array\",\"title\":\"fields\",\"items\":{\"type\":\"object\"}},\"error\":{\"type\":\"string\",\"title\":\"error\"}}}","usage":{"html":"Allows you to check conditions.","link":{"title":"Help","href":"https://flowdocs.built.io/concepts/conditions"}},"version":"v3","icon":"condition","act_type":"default","title":"Condition","provider":"Internal Only","next":["a0"],"prev":["a10"],"id":"c22","type":"condition","label":"condition","datsetConnectionDetachableition":{},"json":"{\"title\":\"Condition Activity\",\"description\":\"Only flow continue when\",\"type\":\"object\",\"properties\":{\"or\":{\"type\":\"array\",\"title\":\"Conditions\",\"items\":{\"type\":\"object\",\"title\":\"Condition\",\"properties\":{\"and\":{\"type\":\"array\",\"title\":\"Filters\",\"items\":{\"type\":\"object\",\"title\":\"Filter\",\"format\":\"table\",\"properties\":{\"input\":{\"type\":\"string\",\"title\":\"Input\",\"minLength\":1},\"operator\":{\"title\":\"Condition\",\"description\":\"Select proper condition\",\"type\":\"string\",\"enum\":[\"(Text) Matches\",\"(Text) Exactly Matches\",\"(Text) Does Not Match\",\"(Text) Does Not Exactly Match\",\"(Text) Contains\",\"(Text) Does Not Contain\",\"(Text) Starts With\",\"(Text) Does Not Start With\",\"(Text) Ends With\",\"(Text) Does Not End With\",\"(Text) Is Alphanumeric\",\"(Text) Is Empty\",\"(Number) Equals\",\"(Number) Not Equals\",\"(Number) Greater Than\",\"(Number) Greater Than Equals\",\"(Number) Less Than\",\"(Number) Less Than Equals\",\"(Number) Is Negative\",\"(Number) Is Positive\",\"(Date/Time) Equals\",\"(Date/Time) Less Than\",\"(Date/Time) Less Than Equals\",\"(Date/Time) Greater Than\",\"(Date/Time) Greater Than Equals\",\"(Array) Length Equals\",\"(Array) Length Does Not Equals\",\"(Array) Length Less Than\",\"(Array) Length Less Than Equals\",\"(Array) Length Greater Than\",\"(Array) Length Greater Than Equals\",\"(Array) Is Empty\",\"(Array) Contains All Object\",\"(Array) Contains All String\",\"(Array) Contains All Number\",\"(Array) Contains All Object And Has This Property\",\"(Object) Has Property\",\"(Object) Does Not Have Property\",\"(Object) Is Empty\",\"(Regex) Match Pattern\",\"(Boolean) Is Value True\",\"(Boolean) Is Value False\",\"(Input) Exists\",\"(Input) Does Not Exist\",\"(Input) Is Null\",\"(Input) Is String\",\"(Input) Is Number\",\"(Input) Is Date\",\"(Input) Is An Array\",\"(Input) Is An Object\",\"(Input) Is Boolean\",\"(Input) Data Type Is\"]},\"expected\":{\"type\":\"string\",\"title\":\"Expected\",\"description\":\"Value you are expecting, default value is true incase of condition start with Is\"}}}}}}}}}"},{"category":"utilities","published":true,"hide_settings":false,"marketing_category":["developer"],"uid":"acta64bbda85d3d4f1554c7930b3cbac423639c","name":"devtools-logger","input":"{\"type\":\"object\",\"title\":\"Logger\",\"properties\":{\"logs\":{\"type\":\"array\",\"title\":\"Add Logs\",\"minItems\":1,\"items\":{\"type\":\"string\",\"format\":\"textarea\",\"minLength\":1,\"title\":\"Log Data\",\"default\":\"\"}}}}","output":"{\"type\":\"object\",\"properties\":{\"logs\":{\"type\":\"array\",\"title\":\"logs\",\"items\":{\"type\":\"any\"},\"displayTitle\":\"Logs\"}}}","usage":{"link":{"title":"Doc Link","href":"https://flowdocs.built.io/activity/developer-tools/logger"},"html":"Logger Activity"},"version":"v1","icon":"logger","act_type":"default","title":"Logger","provider":"Developer Tools","position":{"x":99.5,"y":100},"type":"devtools-logger","id":"a10","next":["c22"],"prev":["c21"],"label":"Logger","hasError":false,"original_label":"Logger"},{"category":"default","published":false,"hide_settings":false,"marketing_category":[],"uid":"act5b9c11c345c41102bf02a5","name":"condition","input":"{\"title\":\"Condition Activity\",\"description\":\"Only flow continue when\",\"type\":\"object\",\"properties\":{\"or\":{\"type\":\"array\",\"title\":\"Conditions\",\"items\":{\"type\":\"object\",\"title\":\"Condition\",\"properties\":{\"and\":{\"type\":\"array\",\"title\":\"Filters\",\"items\":{\"type\":\"object\",\"title\":\"Filter\",\"format\":\"table\",\"properties\":{\"input\":{\"type\":\"string\",\"title\":\"Input\",\"minLength\":1},\"operator\":{\"title\":\"Condition\",\"description\":\"Select proper condition\",\"type\":\"string\",\"enum\":[\"(Text) Matches\",\"(Text) Exactly Matches\",\"(Text) Does Not Match\",\"(Text) Does Not Exactly Match\",\"(Text) Contains\",\"(Text) Does Not Contain\",\"(Text) Starts With\",\"(Text) Does Not Start With\",\"(Text) Ends With\",\"(Text) Does Not End With\",\"(Text) Is Alphanumeric\",\"(Text) Is Empty\",\"(Number) Equals\",\"(Number) Not Equals\",\"(Number) Greater Than\",\"(Number) Greater Than Equals\",\"(Number) Less Than\",\"(Number) Less Than Equals\",\"(Number) Is Negative\",\"(Number) Is Positive\",\"(Date/Time) Equals\",\"(Date/Time) Less Than\",\"(Date/Time) Less Than Equals\",\"(Date/Time) Greater Than\",\"(Date/Time) Greater Than Equals\",\"(Array) Length Equals\",\"(Array) Length Does Not Equals\",\"(Array) Length Less Than\",\"(Array) Length Less Than Equals\",\"(Array) Length Greater Than\",\"(Array) Length Greater Than Equals\",\"(Array) Is Empty\",\"(Array) Contains All Object\",\"(Array) Contains All String\",\"(Array) Contains All Number\",\"(Array) Contains All Object And Has This Property\",\"(Object) Has Property\",\"(Object) Does Not Have Property\",\"(Object) Is Empty\",\"(Regex) Match Pattern\",\"(Boolean) Is Value True\",\"(Boolean) Is Value False\",\"(Input) Exists\",\"(Input) Does Not Exist\",\"(Input) Is Null\",\"(Input) Is String\",\"(Input) Is Number\",\"(Input) Is Date\",\"(Input) Is An Array\",\"(Input) Is An Object\",\"(Input) Is Boolean\",\"(Input) Data Type Is\"]},\"expected\":{\"type\":\"string\",\"title\":\"Expected\",\"description\":\"Value you are expecting, default value is true incase of condition start with Is\"}}}}}}}}}","output":"{\"title\":\"output\",\"type\":\"object\",\"properties\":{\"fields\":{\"type\":\"array\",\"title\":\"fields\",\"items\":{\"type\":\"object\"}},\"error\":{\"type\":\"string\",\"title\":\"error\"}}}","usage":{"html":"Allows you to check conditions.","link":{"title":"Help","href":"https://flowdocs.built.io/concepts/conditions"}},"version":"v3","icon":"condition","act_type":"default","title":"Condition","provider":"Internal Only","next":["a11"],"prev":["a9"],"id":"c23","type":"condition","label":"condition","datsetConnectionDetachableition":{},"json":"{\"title\":\"Condition Activity\",\"description\":\"Only flow continue when\",\"type\":\"object\",\"properties\":{\"or\":{\"type\":\"array\",\"title\":\"Conditions\",\"items\":{\"type\":\"object\",\"title\":\"Condition\",\"properties\":{\"and\":{\"type\":\"array\",\"title\":\"Filters\",\"items\":{\"type\":\"object\",\"title\":\"Filter\",\"format\":\"table\",\"properties\":{\"input\":{\"type\":\"string\",\"title\":\"Input\",\"minLength\":1},\"operator\":{\"title\":\"Condition\",\"description\":\"Select proper condition\",\"type\":\"string\",\"enum\":[\"(Text) Matches\",\"(Text) Exactly Matches\",\"(Text) Does Not Match\",\"(Text) Does Not Exactly Match\",\"(Text) Contains\",\"(Text) Does Not Contain\",\"(Text) Starts With\",\"(Text) Does Not Start With\",\"(Text) Ends With\",\"(Text) Does Not End With\",\"(Text) Is Alphanumeric\",\"(Text) Is Empty\",\"(Number) Equals\",\"(Number) Not Equals\",\"(Number) Greater Than\",\"(Number) Greater Than Equals\",\"(Number) Less Than\",\"(Number) Less Than Equals\",\"(Number) Is Negative\",\"(Number) Is Positive\",\"(Date/Time) Equals\",\"(Date/Time) Less Than\",\"(Date/Time) Less Than Equals\",\"(Date/Time) Greater Than\",\"(Date/Time) Greater Than Equals\",\"(Array) Length Equals\",\"(Array) Length Does Not Equals\",\"(Array) Length Less Than\",\"(Array) Length Less Than Equals\",\"(Array) Length Greater Than\",\"(Array) Length Greater Than Equals\",\"(Array) Is Empty\",\"(Array) Contains All Object\",\"(Array) Contains All String\",\"(Array) Contains All Number\",\"(Array) Contains All Object And Has This Property\",\"(Object) Has Property\",\"(Object) Does Not Have Property\",\"(Object) Is Empty\",\"(Regex) Match Pattern\",\"(Boolean) Is Value True\",\"(Boolean) Is Value False\",\"(Input) Exists\",\"(Input) Does Not Exist\",\"(Input) Is Null\",\"(Input) Is String\",\"(Input) Is Number\",\"(Input) Is Date\",\"(Input) Is An Array\",\"(Input) Is An Object\",\"(Input) Is Boolean\",\"(Input) Data Type Is\"]},\"expected\":{\"type\":\"string\",\"title\":\"Expected\",\"description\":\"Value you are expecting, default value is true incase of condition start with Is\"}}}}}}}}}"},{"category":"default","published":false,"hide_settings":false,"marketing_category":[],"uid":"act5b9c11c345c41102bf02a5","name":"condition","input":"{\"title\":\"Condition Activity\",\"description\":\"Only flow continue when\",\"type\":\"object\",\"properties\":{\"or\":{\"type\":\"array\",\"title\":\"Conditions\",\"items\":{\"type\":\"object\",\"title\":\"Condition\",\"properties\":{\"and\":{\"type\":\"array\",\"title\":\"Filters\",\"items\":{\"type\":\"object\",\"title\":\"Filter\",\"format\":\"table\",\"properties\":{\"input\":{\"type\":\"string\",\"title\":\"Input\",\"minLength\":1},\"operator\":{\"title\":\"Condition\",\"description\":\"Select proper condition\",\"type\":\"string\",\"enum\":[\"(Text) Matches\",\"(Text) Exactly Matches\",\"(Text) Does Not Match\",\"(Text) Does Not Exactly Match\",\"(Text) Contains\",\"(Text) Does Not Contain\",\"(Text) Starts With\",\"(Text) Does Not Start With\",\"(Text) Ends With\",\"(Text) Does Not End With\",\"(Text) Is Alphanumeric\",\"(Text) Is Empty\",\"(Number) Equals\",\"(Number) Not Equals\",\"(Number) Greater Than\",\"(Number) Greater Than Equals\",\"(Number) Less Than\",\"(Number) Less Than Equals\",\"(Number) Is Negative\",\"(Number) Is Positive\",\"(Date/Time) Equals\",\"(Date/Time) Less Than\",\"(Date/Time) Less Than Equals\",\"(Date/Time) Greater Than\",\"(Date/Time) Greater Than Equals\",\"(Array) Length Equals\",\"(Array) Length Does Not Equals\",\"(Array) Length Less Than\",\"(Array) Length Less Than Equals\",\"(Array) Length Greater Than\",\"(Array) Length Greater Than Equals\",\"(Array) Is Empty\",\"(Array) Contains All Object\",\"(Array) Contains All String\",\"(Array) Contains All Number\",\"(Array) Contains All Object And Has This Property\",\"(Object) Has Property\",\"(Object) Does Not Have Property\",\"(Object) Is Empty\",\"(Regex) Match Pattern\",\"(Boolean) Is Value True\",\"(Boolean) Is Value False\",\"(Input) Exists\",\"(Input) Does Not Exist\",\"(Input) Is Null\",\"(Input) Is String\",\"(Input) Is Number\",\"(Input) Is Date\",\"(Input) Is An Array\",\"(Input) Is An Object\",\"(Input) Is Boolean\",\"(Input) Data Type Is\"]},\"expected\":{\"type\":\"string\",\"title\":\"Expected\",\"description\":\"Value you are expecting, default value is true incase of condition start with Is\"}}}}}}}}}","output":"{\"title\":\"output\",\"type\":\"object\",\"properties\":{\"fields\":{\"type\":\"array\",\"title\":\"fields\",\"items\":{\"type\":\"object\"}},\"error\":{\"type\":\"string\",\"title\":\"error\"}}}","usage":{"html":"Allows you to check conditions.","link":{"title":"Help","href":"https://flowdocs.built.io/concepts/conditions"}},"version":"v3","icon":"condition","act_type":"default","title":"Condition","provider":"Internal Only","next":["stop"],"prev":["a11"],"id":"c24","type":"condition","label":"condition","datsetConnectionDetachableition":{},"json":"{\"title\":\"Condition Activity\",\"description\":\"Only flow continue when\",\"type\":\"object\",\"properties\":{\"or\":{\"type\":\"array\",\"title\":\"Conditions\",\"items\":{\"type\":\"object\",\"title\":\"Condition\",\"properties\":{\"and\":{\"type\":\"array\",\"title\":\"Filters\",\"items\":{\"type\":\"object\",\"title\":\"Filter\",\"format\":\"table\",\"properties\":{\"input\":{\"type\":\"string\",\"title\":\"Input\",\"minLength\":1},\"operator\":{\"title\":\"Condition\",\"description\":\"Select proper condition\",\"type\":\"string\",\"enum\":[\"(Text) Matches\",\"(Text) Exactly Matches\",\"(Text) Does Not Match\",\"(Text) Does Not Exactly Match\",\"(Text) Contains\",\"(Text) Does Not Contain\",\"(Text) Starts With\",\"(Text) Does Not Start With\",\"(Text) Ends With\",\"(Text) Does Not End With\",\"(Text) Is Alphanumeric\",\"(Text) Is Empty\",\"(Number) Equals\",\"(Number) Not Equals\",\"(Number) Greater Than\",\"(Number) Greater Than Equals\",\"(Number) Less Than\",\"(Number) Less Than Equals\",\"(Number) Is Negative\",\"(Number) Is Positive\",\"(Date/Time) Equals\",\"(Date/Time) Less Than\",\"(Date/Time) Less Than Equals\",\"(Date/Time) Greater Than\",\"(Date/Time) Greater Than Equals\",\"(Array) Length Equals\",\"(Array) Length Does Not Equals\",\"(Array) Length Less Than\",\"(Array) Length Less Than Equals\",\"(Array) Length Greater Than\",\"(Array) Length Greater Than Equals\",\"(Array) Is Empty\",\"(Array) Contains All Object\",\"(Array) Contains All String\",\"(Array) Contains All Number\",\"(Array) Contains All Object And Has This Property\",\"(Object) Has Property\",\"(Object) Does Not Have Property\",\"(Object) Is Empty\",\"(Regex) Match Pattern\",\"(Boolean) Is Value True\",\"(Boolean) Is Value False\",\"(Input) Exists\",\"(Input) Does Not Exist\",\"(Input) Is Null\",\"(Input) Is String\",\"(Input) Is Number\",\"(Input) Is Date\",\"(Input) Is An Array\",\"(Input) Is An Object\",\"(Input) Is Boolean\",\"(Input) Data Type Is\"]},\"expected\":{\"type\":\"string\",\"title\":\"Expected\",\"description\":\"Value you are expecting, default value is true incase of condition start with Is\"}}}}}}}}}"},{"label":"Create Ticket","usage":{"link":{"title":"Doc Link","href":"https://flowdocs.built.io/services/freshdesk"},"html":"Create a new ticket"},"icon":"freshdesk","act_type":"default","provider":"Freshdesk","category":"service","position":{"x":554,"y":4},"type":"freshdesk-ticket-create","id":"a1","next":["c18"],"prev":["c1"],"hasError":false,"original_label":"Freshdesk","published":true,"hide_settings":false,"marketing_category":["project management"],"uid":"actf46a40845b4d9166c099ce27fc7cecb5e223","name":"freshdesk-ticket-create","input":"{\"title\":\"Create Ticket\",\"type\":\"object\",\"properties\":{\"connection\":{\"title\":\"Connect to Freshdesk\",\"type\":\"string\",\"minLength\":1,\"connection\":\"freshdesk\",\"propertyOrder\":1},\"name\":{\"type\":\"string\",\"title\":\"Requester Name\",\"description\":\"Enter the name of the requester\",\"propertyOrder\":2},\"email\":{\"type\":\"string\",\"title\":\"Requester Email\",\"minLength\":1,\"description\":\"Enter the email address of the requester. If no contact exists with this email address in your Freshdesk account, it will be added as a new contact\",\"propertyOrder\":3,\"lookup\":{\"service\":\"freshdesk\",\"id\":\"f11\",\"searchable\":false,\"enabled\":true,\"auth\":\"connection\",\"dependencies\":[\"connection\"]}},\"subject\":{\"title\":\"Subject\",\"type\":\"string\",\"minLength\":1,\"description\":\"Enter the subject of the ticket you wish to create\",\"propertyOrder\":4},\"description\":{\"title\":\"Description\",\"type\":\"string\",\"format\":\"textarea\",\"minLength\":1,\"description\":\"Provide a short description of the ticket\",\"propertyOrder\":5},\"cc_emails\":{\"title\":\"Cc Emails\",\"type\":\"array\",\"description\":\"Enter the comma separated email addresses to whom you wish to send a copy of this ticket\",\"propertyOrder\":6,\"items\":{\"title\":\"Email\",\"type\":\"string\",\"lookup\":{\"service\":\"freshdesk\",\"id\":\"f11\",\"searchable\":false,\"enabled\":true,\"auth\":\"connection\",\"dependencies\":[\"connection\"]}}},\"status\":{\"title\":\"Status\",\"type\":\"string\",\"default\":\"Open\",\"minLength\":1,\"description\":\"Select the status of the ticket. The default value for this field is set to ‘Open’\",\"lookup\":{\"service\":\"freshdesk\",\"id\":\"f13\",\"searchable\":false,\"enabled\":true,\"auth\":\"connection\",\"dependencies\":[\"connection\"]},\"propertyOrder\":8},\"priority\":{\"title\":\"Priority\",\"type\":\"string\",\"minLength\":1,\"default\":\"Low\",\"enum\":[\"Low\",\"Medium\",\"High\",\"Urgent\"],\"description\":\"Select the priority of the ticket. The default value for this field is set to ‘Low’\",\"propertyOrder\":9},\"source\":{\"title\":\"Source\",\"type\":\"string\",\"default\":\"Portal\",\"enum\":[\"Email\",\"Portal\",\"Phone\",\"Chat\",\"MobiHelp\",\"Feedback Widget\",\"Outbound Email\"],\"description\":\"Select the channel through which the ticket was created. The default value for this field is set to ‘Portal’\",\"propertyOrder\":10},\"custom_fields\":{\"title\":\"Custom Fields\",\"type\":\"array\",\"description\":\"Key value pairs containing the names and values of custom fields\",\"propertyOrder\":11,\"minItems\":1,\"items\":{\"type\":\"object\",\"title\":\"Label Name\",\"properties\":{\"custom_key\":{\"title\":\"Field Name\",\"type\":\"string\",\"description\":\"Provide the name of the field you wish to add. The field name should be the same as field name in the <a target='blank' href='https://support.freshdesk.com/support/solutions/articles/216548'>UI/API</a> docs\"},\"custom_value\":{\"title\":\"Value\",\"type\":\"string\",\"description\":\"Enter the value for the specified UI field\"}}}},\"additional_params\":{\"title\":\"Additional Fields\",\"description\":\"(List of additional fields (key value fields) present in the UI of 'Freshdesk' service to be added)\",\"type\":\"array\",\"propertyOrder\":12,\"items\":{\"type\":\"object\",\"title\":\"Parameter\",\"properties\":{\"param_name\":{\"title\":\"Field Name\",\"type\":\"string\",\"description\":\"Provide the name of the field you wish to add. The field name should be the same as field name in the <a target= 'blank' href ='https://developers.freshdesk.com/api/#create_ticket'>UI/API</a> docs\"},\"param_value\":{\"title\":\"Value\",\"type\":\"string\",\"description\":\"Enter the value for the specified UI field\"}}}}}}","output":"{\"title\":\"output\",\"type\":\"object\",\"properties\":{\"cc_emails\":{\"title\":\"cc_emails\",\"type\":\"array\",\"displayTitle\":\"Ticket Cc Emails\",\"items\":{\"cc_email\":{\"title\":\"cc_email\",\"type\":\"string\"}}},\"fwd_emails\":{\"title\":\"fwd_emails\",\"type\":\"array\",\"displayTitle\":\"Forwarded Emails\",\"items\":{}},\"reply_cc_emails\":{\"title\":\"reply_cc_emails\",\"type\":\"array\",\"displayTitle\":\"Reply Cc Emails\",\"items\":{\"reply_email\":{\"title\":\"reply_cc_email\",\"type\":\"string\"}}},\"fr_escalated\":{\"title\":\"fr_escalated\",\"type\":\"boolean\",\"displayTitle\":\"From Escalated\"},\"spam\":{\"title\":\"spam\",\"type\":\"boolean\",\"displayTitle\":\"Is Spam\"},\"priority\":{\"title\":\"priority\",\"type\":\"number\",\"displayTitle\":\"Priority\"},\"priority_name\":{\"title\":\"priority_name\",\"type\":\"number\",\"displayTitle\":\"Priority Name\"},\"requester_id\":{\"title\":\"requester_id\",\"type\":\"number\",\"displayTitle\":\"Requester ID\"},\"requester_name\":{\"title\":\"requester_name\",\"type\":\"number\",\"displayTitle\":\"Requester Name\"},\"requester_email\":{\"title\":\"requester_email\",\"type\":\"number\",\"displayTitle\":\"Requester Email\"},\"source\":{\"title\":\"source\",\"type\":\"number\",\"displayTitle\":\"Source\"},\"source_name\":{\"title\":\"source_name\",\"type\":\"number\",\"displayTitle\":\"Source Name\"},\"status\":{\"title\":\"status\",\"type\":\"number\",\"displayTitle\":\"Ticket Status\"},\"status_name\":{\"title\":\"status_name\",\"type\":\"number\",\"displayTitle\":\"Status Name\"},\"subject\":{\"title\":\"subject\",\"type\":\"string\",\"displayTitle\":\"Subject\"},\"id\":{\"title\":\"id\",\"type\":\"number\",\"displayTitle\":\"Ticket ID\"},\"due_by\":{\"title\":\"due_by\",\"type\":\"string\",\"displayTitle\":\"Due By\"},\"fr_due_by\":{\"title\":\"fr_due_by\",\"type\":\"string\",\"displayTitle\":\"First Due By\"},\"is_escalated\":{\"title\":\"is_escalated\",\"type\":\"boolean\",\"displayTitle\":\"Is Escalated\"},\"description\":{\"title\":\"description\",\"type\":\"string\",\"displayTitle\":\"Description\"},\"description_text\":{\"title\":\"description_text\",\"type\":\"string\",\"displayTitle\":\"Description Text\"},\"custom_fields\":{\"title\":\"custom_fields\",\"type\":\"object\",\"displayTitle\":\"Custom Fields\",\"properties\":{}},\"created_at\":{\"title\":\"created_at\",\"type\":\"string\",\"displayTitle\":\"Created At\"},\"updated_at\":{\"title\":\"updated_at\",\"type\":\"string\",\"displayTitle\":\"Updated At\"},\"tags\":{\"title\":\"tags\",\"type\":\"array\",\"displayTitle\":\"Tags\",\"items\":{}},\"attachments\":{\"title\":\"attachments\",\"displayTitle\":\"Attachments\",\"type\":\"array\",\"items\":{\"title\":\"items\",\"type\":\"object\",\"properties\":{\"id\":{\"title\":\"id\",\"type\":\"string\",\"displayTitle\":\"Attachment ID\"},\"content_type\":{\"title\":\"content_type\",\"type\":\"string\",\"displayTitle\":\"Attachment Content Type\"},\"size\":{\"title\":\"size\",\"type\":\"string\",\"displayTitle\":\"Attachment Size\"},\"name\":{\"title\":\"name\",\"type\":\"string\",\"displayTitle\":\"Attachment Name\"},\"attachment_url\":{\"title\":\"attachment_url\",\"type\":\"string\",\"displayTitle\":\"Attachment URL\"},\"created_at\":{\"title\":\"created_at\",\"type\":\"string\",\"displayTitle\":\"Attachment Created At\"},\"updated_at\":{\"title\":\"updated_at\",\"type\":\"string\",\"displayTitle\":\"Attachment Updated At\"}}}}}}","version":"v4","title":"Create Ticket"},{"category":"utilities","published":true,"hide_settings":false,"marketing_category":["communications"],"uid":"actf764189251b443ce838f4d","name":"devtools-mail-send","input":"{\"title\":\"Send an Email\",\"type\":\"object\",\"properties\":{\"to\":{\"title\":\"To\",\"description\":\"Add multiple email address separated by comma or newline\",\"type\":\"string\",\"format\":\"textarea\",\"minLength\":1},\"cc\":{\"title\":\"Cc\",\"description\":\"Add multiple email address separated by comma or newline\",\"type\":\"string\",\"format\":\"textarea\"},\"bcc\":{\"title\":\"Bcc\",\"description\":\"Add multiple email address separated by comma or newline\",\"type\":\"string\",\"format\":\"textarea\"},\"replyTo\":{\"title\":\"ReplyTo\",\"type\":\"string\"},\"subject\":{\"title\":\"Subject\",\"minLength\":1,\"type\":\"string\"},\"bodyType\":{\"title\":\"Body Type\",\"type\":\"string\",\"enum\":[\"Text\",\"HTML\"]},\"body\":{\"title\":\"Body\",\"type\":\"string\",\"minLength\":1,\"format\":\"textarea\"},\"attachments\":{\"title\":\"Attachments\",\"type\":\"array\",\"items\":{\"type\":\"object\",\"title\":\"Attachment\",\"properties\":{\"path\":{\"title\":\"Local File Path or Public URL\",\"type\":\"string\",\"minLength\":1,\"description\":\"Attachment accepts local file path relative to Built.io Flow engine or public http or https url\"}}}}}}","output":"{\"type\":\"object\",\"properties\":{\"message\":{\"title\":\"message\",\"type\":\"string\",\"displayTitle\":\"Message\"}}}","usage":{"link":{"title":"Doc Link","href":"https://flowdocs.built.io/activity/notification/send-email"},"html":"Send Email From Built.io Flow Account"},"version":"v2","icon":"email","act_type":"default","title":"Send an Email","provider":"Notification","position":{"x":715,"y":2},"type":"devtools-mail-send","id":"a9","next":["c23"],"prev":["c18"],"label":"Send an Email","hasError":false,"original_label":"Send an Email"},{"label":"Post Message to Channel","usage":{"html":"Post a message to an existing channel","link":{"title":"Doc Link","href":"https://flowdocs.built.io/activity/slack/post-message-to-channel"}},"icon":"slack","act_type":"default","provider":"Slack","category":"service","position":{"x":867,"y":6},"type":"slack-channel-post","id":"a11","next":["c24"],"prev":["c23"],"hasError":false,"original_label":"Slack","published":true,"hide_settings":false,"marketing_category":["featured","communications"],"uid":"act61dcaebc951f4fbd1e5f51","name":"slack-channel-post","input":"{\"title\":\"Post Message to Channel\",\"type\":\"object\",\"properties\":{\"AccessToken\":{\"title\":\"Authorize Slack\",\"type\":\"string\",\"minLength\":1,\"oauth\":\"slack\",\"propertyOrder\":1},\"channel_type\":{\"type\":\"object\",\"title\":\"Select channel type\",\"propertyOrder\":2,\"oneOf\":[{\"title\":\"Public\",\"type\":\"object\",\"properties\":{\"type\":{\"type\":\"string\",\"readonly\":true,\"options\":{\"hidden\":true},\"enum\":[\"public\"]},\"channel\":{\"title\":\"Public Channel ID or Channel Name\",\"description\":\"Enter channel name (eg:mychannel) or channel ID (eg:C0LABL9C4)\",\"type\":\"string\",\"minLength\":1,\"propertyOrder\":3,\"lookup\":{\"id\":\"s5\",\"service\":\"slack\",\"auth\":\"oauth\",\"enabled\":true,\"dependencies\":[\"AccessToken\",\"channel_type$$type\"]}}}},{\"title\":\"Private Group\",\"type\":\"object\",\"properties\":{\"type\":{\"type\":\"string\",\"readonly\":true,\"options\":{\"hidden\":true},\"enum\":[\"private\",\"type\"]},\"channel\":{\"title\":\"Private Channel ID or Channel Name\",\"type\":\"string\",\"minLength\":1,\"propertyOrder\":3,\"description\":\"Enter channel name (eg:mychannel) or channel ID (eg:C0LABL9C4)\",\"lookup\":{\"id\":\"s5\",\"service\":\"slack\",\"auth\":\"oauth\",\"enabled\":true,\"dependencies\":[\"AccessToken\",\"channel_type$$type\"]}}}},{\"title\":\"Direct Messages\",\"type\":\"object\",\"properties\":{\"type\":{\"type\":\"string\",\"readonly\":true,\"options\":{\"hidden\":true},\"enum\":[\"direct\"]},\"channel\":{\"title\":\"Direct Message Channel ID or Channel Name\",\"description\":\"Enter Username (eg:@john) or User ID (eg:C0LABL9C4)\",\"type\":\"string\",\"minLength\":1,\"propertyOrder\":3,\"lookup\":{\"id\":\"s5\",\"service\":\"slack\",\"auth\":\"oauth\",\"enabled\":true,\"dependencies\":[\"AccessToken\",\"channel_type$$type\"]}}}}]},\"text\":{\"title\":\"Text\",\"description\":\"Text of the message to send\",\"type\":\"string\",\"minLength\":1,\"format\":\"textarea\",\"propertyOrder\":4},\"username\":{\"title\":\"Username\",\"description\":\"Name of bot\",\"type\":\"string\",\"propertyOrder\":5},\"as_user\":{\"title\":\"As User\",\"type\":\"boolean\",\"description\":\"Pass true to post the message as the authed user, instead of as a bot\",\"default\":true,\"propertyOrder\":6},\"parse\":{\"title\":\"Parse\",\"description\":\" Change how messages are treated.\",\"enum\":[\"full\",\"none\"],\"type\":\"string\",\"propertyOrder\":7},\"link_names\":{\"title\":\"Link Names\",\"description\":\"Find and link channel names and usernames.\",\"enum\":[0,1],\"type\":\"number\",\"propertyOrder\":8},\"attachments\":{\"title\":\"Attachments\",\"description\":\"Structured message attachments. eg: [{'pretext': 'pre-hello', 'text': 'text-world'}]. It should contain a JSON-encoded array of attachments. For more information, visit here 'https://api.slack.com/docs/attachments'\",\"type\":\"string\",\"propertyOrder\":9,\"format\":\"textarea\"},\"unfurl_links\":{\"title\":\"Unfurl Links\",\"type\":\"boolean\",\"description\":\"Pass true to enable unfurling of primarily text-based content.\",\"propertyOrder\":10,\"default\":true},\"unfurl_media\":{\"title\":\"Unfurl Media\",\"description\":\"Whether enable unfurling of media content\",\"type\":\"boolean\",\"default\":false,\"propertyOrder\":11},\"icon_url\":{\"title\":\"Icon URL\",\"description\":\"URL to an image to use as the icon for this message\",\"type\":\"string\",\"propertyOrder\":12},\"icon_emoji\":{\"title\":\"Icon Emoji\",\"description\":\"emoji to use as the icon for this message. Overrides icon url\",\"type\":\"string\",\"propertyOrder\":13}}}","output":"{\"type\":\"object\",\"properties\":{\"ok\":{\"type\":\"boolean\",\"title\":\"ok\",\"displayTitle\":\"Status\"},\"channel\":{\"type\":\"string\",\"title\":\"channel\",\"displayTitle\":\"Channel\"},\"ts\":{\"type\":\"string\",\"title\":\"ts\"},\"message\":{\"type\":\"object\",\"title\":\"message\",\"displayTitle\":\"Message\"}}}","version":"v2","title":"Post Message to Channel"},{"id":"start","type":"start","label":"Start","position":{"x":-98,"y":106},"category":"special","help":"Start point of Flow","next":["c21"],"prev":null,"output":[],"start":true,"original_label":"Start"},{"category":"default","published":false,"hide_settings":false,"marketing_category":[],"uid":"act5b9c11c345c41102bf02a5","name":"condition","input":"{\"title\":\"Condition Activity\",\"description\":\"Only flow continue when\",\"type\":\"object\",\"properties\":{\"or\":{\"type\":\"array\",\"title\":\"Conditions\",\"items\":{\"type\":\"object\",\"title\":\"Condition\",\"properties\":{\"and\":{\"type\":\"array\",\"title\":\"Filters\",\"items\":{\"type\":\"object\",\"title\":\"Filter\",\"format\":\"table\",\"properties\":{\"input\":{\"type\":\"string\",\"title\":\"Input\",\"minLength\":1},\"operator\":{\"title\":\"Condition\",\"description\":\"Select proper condition\",\"type\":\"string\",\"enum\":[\"(Text) Matches\",\"(Text) Exactly Matches\",\"(Text) Does Not Match\",\"(Text) Does Not Exactly Match\",\"(Text) Contains\",\"(Text) Does Not Contain\",\"(Text) Starts With\",\"(Text) Does Not Start With\",\"(Text) Ends With\",\"(Text) Does Not End With\",\"(Text) Is Alphanumeric\",\"(Text) Is Empty\",\"(Number) Equals\",\"(Number) Not Equals\",\"(Number) Greater Than\",\"(Number) Greater Than Equals\",\"(Number) Less Than\",\"(Number) Less Than Equals\",\"(Number) Is Negative\",\"(Number) Is Positive\",\"(Date/Time) Equals\",\"(Date/Time) Less Than\",\"(Date/Time) Less Than Equals\",\"(Date/Time) Greater Than\",\"(Date/Time) Greater Than Equals\",\"(Array) Length Equals\",\"(Array) Length Does Not Equals\",\"(Array) Length Less Than\",\"(Array) Length Less Than Equals\",\"(Array) Length Greater Than\",\"(Array) Length Greater Than Equals\",\"(Array) Is Empty\",\"(Array) Contains All Object\",\"(Array) Contains All String\",\"(Array) Contains All Number\",\"(Array) Contains All Object And Has This Property\",\"(Object) Has Property\",\"(Object) Does Not Have Property\",\"(Object) Is Empty\",\"(Regex) Match Pattern\",\"(Boolean) Is Value True\",\"(Boolean) Is Value False\",\"(Input) Exists\",\"(Input) Does Not Exist\",\"(Input) Is Null\",\"(Input) Is String\",\"(Input) Is Number\",\"(Input) Is Date\",\"(Input) Is An Array\",\"(Input) Is An Object\",\"(Input) Is Boolean\",\"(Input) Data Type Is\"]},\"expected\":{\"type\":\"string\",\"title\":\"Expected\",\"description\":\"Value you are expecting, default value is true incase of condition start with Is\"}}}}}}}}}","output":"{\"title\":\"output\",\"type\":\"object\",\"properties\":{\"fields\":{\"type\":\"array\",\"title\":\"fields\",\"items\":{\"type\":\"object\"}},\"error\":{\"type\":\"string\",\"title\":\"error\"}}}","usage":{"html":"Allows you to check conditions.","link":{"title":"Help","href":"https://flowdocs.built.io/concepts/conditions"}},"version":"v3","icon":"condition","act_type":"default","title":"Condition","provider":"Internal Only","next":["a1"],"prev":["a0"],"id":"c1","type":"condition","label":"condition","datsetConnectionDetachableition":{},"json":"{\"title\":\"Condition Activity\",\"description\":\"Only flow continue when\",\"type\":\"object\",\"properties\":{\"or\":{\"type\":\"array\",\"title\":\"Conditions\",\"items\":{\"type\":\"object\",\"title\":\"Condition\",\"properties\":{\"and\":{\"type\":\"array\",\"title\":\"Filters\",\"items\":{\"type\":\"object\",\"title\":\"Filter\",\"format\":\"table\",\"properties\":{\"input\":{\"type\":\"string\",\"title\":\"Input\",\"minLength\":1},\"operator\":{\"title\":\"Condition\",\"description\":\"Select proper condition\",\"type\":\"string\",\"enum\":[\"(Text) Matches\",\"(Text) Exactly Matches\",\"(Text) Does Not Match\",\"(Text) Does Not Exactly Match\",\"(Text) Contains\",\"(Text) Does Not Contain\",\"(Text) Starts With\",\"(Text) Does Not Start With\",\"(Text) Ends With\",\"(Text) Does Not End With\",\"(Text) Is Alphanumeric\",\"(Text) Is Empty\",\"(Number) Equals\",\"(Number) Not Equals\",\"(Number) Greater Than\",\"(Number) Greater Than Equals\",\"(Number) Less Than\",\"(Number) Less Than Equals\",\"(Number) Is Negative\",\"(Number) Is Positive\",\"(Date/Time) Equals\",\"(Date/Time) Less Than\",\"(Date/Time) Less Than Equals\",\"(Date/Time) Greater Than\",\"(Date/Time) Greater Than Equals\",\"(Array) Length Equals\",\"(Array) Length Does Not Equals\",\"(Array) Length Less Than\",\"(Array) Length Less Than Equals\",\"(Array) Length Greater Than\",\"(Array) Length Greater Than Equals\",\"(Array) Is Empty\",\"(Array) Contains All Object\",\"(Array) Contains All String\",\"(Array) Contains All Number\",\"(Array) Contains All Object And Has This Property\",\"(Object) Has Property\",\"(Object) Does Not Have Property\",\"(Object) Is Empty\",\"(Regex) Match Pattern\",\"(Boolean) Is Value True\",\"(Boolean) Is Value False\",\"(Input) Exists\",\"(Input) Does Not Exist\",\"(Input) Is Null\",\"(Input) Is String\",\"(Input) Is Number\",\"(Input) Is Date\",\"(Input) Is An Array\",\"(Input) Is An Object\",\"(Input) Is Boolean\",\"(Input) Data Type Is\"]},\"expected\":{\"type\":\"string\",\"title\":\"Expected\",\"description\":\"Value you are expecting, default value is true incase of condition start with Is\"}}}}}}}}}","case":1,"original_label":"condition"},{"category":"default","published":false,"hide_settings":false,"marketing_category":[],"uid":"act5b9c11c345c41102bf02a5","name":"condition","input":"{\"title\":\"Condition Activity\",\"description\":\"Only flow continue when\",\"type\":\"object\",\"properties\":{\"or\":{\"type\":\"array\",\"title\":\"Conditions\",\"items\":{\"type\":\"object\",\"title\":\"Condition\",\"properties\":{\"and\":{\"type\":\"array\",\"title\":\"Filters\",\"items\":{\"type\":\"object\",\"title\":\"Filter\",\"format\":\"table\",\"properties\":{\"input\":{\"type\":\"string\",\"title\":\"Input\",\"minLength\":1},\"operator\":{\"title\":\"Condition\",\"description\":\"Select proper condition\",\"type\":\"string\",\"enum\":[\"(Text) Matches\",\"(Text) Exactly Matches\",\"(Text) Does Not Match\",\"(Text) Does Not Exactly Match\",\"(Text) Contains\",\"(Text) Does Not Contain\",\"(Text) Starts With\",\"(Text) Does Not Start With\",\"(Text) Ends With\",\"(Text) Does Not End With\",\"(Text) Is Alphanumeric\",\"(Text) Is Empty\",\"(Number) Equals\",\"(Number) Not Equals\",\"(Number) Greater Than\",\"(Number) Greater Than Equals\",\"(Number) Less Than\",\"(Number) Less Than Equals\",\"(Number) Is Negative\",\"(Number) Is Positive\",\"(Date/Time) Equals\",\"(Date/Time) Less Than\",\"(Date/Time) Less Than Equals\",\"(Date/Time) Greater Than\",\"(Date/Time) Greater Than Equals\",\"(Array) Length Equals\",\"(Array) Length Does Not Equals\",\"(Array) Length Less Than\",\"(Array) Length Less Than Equals\",\"(Array) Length Greater Than\",\"(Array) Length Greater Than Equals\",\"(Array) Is Empty\",\"(Array) Contains All Object\",\"(Array) Contains All String\",\"(Array) Contains All Number\",\"(Array) Contains All Object And Has This Property\",\"(Object) Has Property\",\"(Object) Does Not Have Property\",\"(Object) Is Empty\",\"(Regex) Match Pattern\",\"(Boolean) Is Value True\",\"(Boolean) Is Value False\",\"(Input) Exists\",\"(Input) Does Not Exist\",\"(Input) Is Null\",\"(Input) Is String\",\"(Input) Is Number\",\"(Input) Is Date\",\"(Input) Is An Array\",\"(Input) Is An Object\",\"(Input) Is Boolean\",\"(Input) Data Type Is\"]},\"expected\":{\"type\":\"string\",\"title\":\"Expected\",\"description\":\"Value you are expecting, default value is true incase of condition start with Is\"}}}}}}}}}","output":"{\"title\":\"output\",\"type\":\"object\",\"properties\":{\"fields\":{\"type\":\"array\",\"title\":\"fields\",\"items\":{\"type\":\"object\"}},\"error\":{\"type\":\"string\",\"title\":\"error\"}}}","usage":{"html":"Allows you to check conditions.","link":{"title":"Help","href":"https://flowdocs.built.io/concepts/conditions"}},"version":"v3","icon":"condition","act_type":"default","title":"Condition","provider":"Internal Only","group":"a7","next":["ga70"],"prev":["a7"],"id":"gca70","type":"condition","label":"condition","datsetConnectionDetachableition":{},"json":"{\"title\":\"Condition Activity\",\"description\":\"Only flow continue when\",\"type\":\"object\",\"properties\":{\"or\":{\"type\":\"array\",\"title\":\"Conditions\",\"items\":{\"type\":\"object\",\"title\":\"Condition\",\"properties\":{\"and\":{\"type\":\"array\",\"title\":\"Filters\",\"items\":{\"type\":\"object\",\"title\":\"Filter\",\"format\":\"table\",\"properties\":{\"input\":{\"type\":\"string\",\"title\":\"Input\",\"minLength\":1},\"operator\":{\"title\":\"Condition\",\"description\":\"Select proper condition\",\"type\":\"string\",\"enum\":[\"(Text) Matches\",\"(Text) Exactly Matches\",\"(Text) Does Not Match\",\"(Text) Does Not Exactly Match\",\"(Text) Contains\",\"(Text) Does Not Contain\",\"(Text) Starts With\",\"(Text) Does Not Start With\",\"(Text) Ends With\",\"(Text) Does Not End With\",\"(Text) Is Alphanumeric\",\"(Text) Is Empty\",\"(Number) Equals\",\"(Number) Not Equals\",\"(Number) Greater Than\",\"(Number) Greater Than Equals\",\"(Number) Less Than\",\"(Number) Less Than Equals\",\"(Number) Is Negative\",\"(Number) Is Positive\",\"(Date/Time) Equals\",\"(Date/Time) Less Than\",\"(Date/Time) Less Than Equals\",\"(Date/Time) Greater Than\",\"(Date/Time) Greater Than Equals\",\"(Array) Length Equals\",\"(Array) Length Does Not Equals\",\"(Array) Length Less Than\",\"(Array) Length Less Than Equals\",\"(Array) Length Greater Than\",\"(Array) Length Greater Than Equals\",\"(Array) Is Empty\",\"(Array) Contains All Object\",\"(Array) Contains All String\",\"(Array) Contains All Number\",\"(Array) Contains All Object And Has This Property\",\"(Object) Has Property\",\"(Object) Does Not Have Property\",\"(Object) Is Empty\",\"(Regex) Match Pattern\",\"(Boolean) Is Value True\",\"(Boolean) Is Value False\",\"(Input) Exists\",\"(Input) Does Not Exist\",\"(Input) Is Null\",\"(Input) Is String\",\"(Input) Is Number\",\"(Input) Is Date\",\"(Input) Is An Array\",\"(Input) Is An Object\",\"(Input) Is Boolean\",\"(Input) Data Type Is\"]},\"expected\":{\"type\":\"string\",\"title\":\"Expected\",\"description\":\"Value you are expecting, default value is true incase of condition start with Is\"}}}}}}}}}"},{"category":"default","published":false,"hide_settings":false,"marketing_category":[],"uid":"act5b9c11c345c41102bf02a5","name":"condition","input":"{\"title\":\"Condition Activity\",\"description\":\"Only flow continue when\",\"type\":\"object\",\"properties\":{\"or\":{\"type\":\"array\",\"title\":\"Conditions\",\"items\":{\"type\":\"object\",\"title\":\"Condition\",\"properties\":{\"and\":{\"type\":\"array\",\"title\":\"Filters\",\"items\":{\"type\":\"object\",\"title\":\"Filter\",\"format\":\"table\",\"properties\":{\"input\":{\"type\":\"string\",\"title\":\"Input\",\"minLength\":1},\"operator\":{\"title\":\"Condition\",\"description\":\"Select proper condition\",\"type\":\"string\",\"enum\":[\"(Text) Matches\",\"(Text) Exactly Matches\",\"(Text) Does Not Match\",\"(Text) Does Not Exactly Match\",\"(Text) Contains\",\"(Text) Does Not Contain\",\"(Text) Starts With\",\"(Text) Does Not Start With\",\"(Text) Ends With\",\"(Text) Does Not End With\",\"(Text) Is Alphanumeric\",\"(Text) Is Empty\",\"(Number) Equals\",\"(Number) Not Equals\",\"(Number) Greater Than\",\"(Number) Greater Than Equals\",\"(Number) Less Than\",\"(Number) Less Than Equals\",\"(Number) Is Negative\",\"(Number) Is Positive\",\"(Date/Time) Equals\",\"(Date/Time) Less Than\",\"(Date/Time) Less Than Equals\",\"(Date/Time) Greater Than\",\"(Date/Time) Greater Than Equals\",\"(Array) Length Equals\",\"(Array) Length Does Not Equals\",\"(Array) Length Less Than\",\"(Array) Length Less Than Equals\",\"(Array) Length Greater Than\",\"(Array) Length Greater Than Equals\",\"(Array) Is Empty\",\"(Array) Contains All Object\",\"(Array) Contains All String\",\"(Array) Contains All Number\",\"(Array) Contains All Object And Has This Property\",\"(Object) Has Property\",\"(Object) Does Not Have Property\",\"(Object) Is Empty\",\"(Regex) Match Pattern\",\"(Boolean) Is Value True\",\"(Boolean) Is Value False\",\"(Input) Exists\",\"(Input) Does Not Exist\",\"(Input) Is Null\",\"(Input) Is String\",\"(Input) Is Number\",\"(Input) Is Date\",\"(Input) Is An Array\",\"(Input) Is An Object\",\"(Input) Is Boolean\",\"(Input) Data Type Is\"]},\"expected\":{\"type\":\"string\",\"title\":\"Expected\",\"description\":\"Value you are expecting, default value is true incase of condition start with Is\"}}}}}}}}}","output":"{\"title\":\"output\",\"type\":\"object\",\"properties\":{\"fields\":{\"type\":\"array\",\"title\":\"fields\",\"items\":{\"type\":\"object\"}},\"error\":{\"type\":\"string\",\"title\":\"error\"}}}","usage":{"html":"Allows you to check conditions.","link":{"title":"Help","href":"https://flowdocs.built.io/concepts/conditions"}},"version":"v3","icon":"condition","act_type":"default","title":"Condition","provider":"Internal Only","group":"a7","next":["a7"],"prev":["ga70"],"id":"gca71","type":"condition","label":"condition","datsetConnectionDetachableition":{},"json":"{\"title\":\"Condition Activity\",\"description\":\"Only flow continue when\",\"type\":\"object\",\"properties\":{\"or\":{\"type\":\"array\",\"title\":\"Conditions\",\"items\":{\"type\":\"object\",\"title\":\"Condition\",\"properties\":{\"and\":{\"type\":\"array\",\"title\":\"Filters\",\"items\":{\"type\":\"object\",\"title\":\"Filter\",\"format\":\"table\",\"properties\":{\"input\":{\"type\":\"string\",\"title\":\"Input\",\"minLength\":1},\"operator\":{\"title\":\"Condition\",\"description\":\"Select proper condition\",\"type\":\"string\",\"enum\":[\"(Text) Matches\",\"(Text) Exactly Matches\",\"(Text) Does Not Match\",\"(Text) Does Not Exactly Match\",\"(Text) Contains\",\"(Text) Does Not Contain\",\"(Text) Starts With\",\"(Text) Does Not Start With\",\"(Text) Ends With\",\"(Text) Does Not End With\",\"(Text) Is Alphanumeric\",\"(Text) Is Empty\",\"(Number) Equals\",\"(Number) Not Equals\",\"(Number) Greater Than\",\"(Number) Greater Than Equals\",\"(Number) Less Than\",\"(Number) Less Than Equals\",\"(Number) Is Negative\",\"(Number) Is Positive\",\"(Date/Time) Equals\",\"(Date/Time) Less Than\",\"(Date/Time) Less Than Equals\",\"(Date/Time) Greater Than\",\"(Date/Time) Greater Than Equals\",\"(Array) Length Equals\",\"(Array) Length Does Not Equals\",\"(Array) Length Less Than\",\"(Array) Length Less Than Equals\",\"(Array) Length Greater Than\",\"(Array) Length Greater Than Equals\",\"(Array) Is Empty\",\"(Array) Contains All Object\",\"(Array) Contains All String\",\"(Array) Contains All Number\",\"(Array) Contains All Object And Has This Property\",\"(Object) Has Property\",\"(Object) Does Not Have Property\",\"(Object) Is Empty\",\"(Regex) Match Pattern\",\"(Boolean) Is Value True\",\"(Boolean) Is Value False\",\"(Input) Exists\",\"(Input) Does Not Exist\",\"(Input) Is Null\",\"(Input) Is String\",\"(Input) Is Number\",\"(Input) Is Date\",\"(Input) Is An Array\",\"(Input) Is An Object\",\"(Input) Is Boolean\",\"(Input) Data Type Is\"]},\"expected\":{\"type\":\"string\",\"title\":\"Expected\",\"description\":\"Value you are expecting, default value is true incase of condition start with Is\"}}}}}}}}}"},{"label":"Create Ticket","usage":{"link":{"title":"Doc Link","href":"https://flowdocs.built.io/services/freshdesk"},"html":"Create a new ticket"},"icon":"freshdesk","act_type":"default","provider":"Freshdesk","category":"service","position":{"x":301,"y":106},"id":"ga70","next":["gca71"],"prev":["gca70"],"geh":"a7","group":"a7","type":"freshdesk-ticket-create","original_label":"Freshdesk","hasError":false,"published":true,"hide_settings":false,"marketing_category":["project management"],"uid":"actf46a40845b4d9166c099ce27fc7cecb5e223","name":"freshdesk-ticket-create","input":"{\"title\":\"Create Ticket\",\"type\":\"object\",\"properties\":{\"connection\":{\"title\":\"Connect to Freshdesk\",\"type\":\"string\",\"minLength\":1,\"connection\":\"freshdesk\",\"propertyOrder\":1},\"name\":{\"type\":\"string\",\"title\":\"Requester Name\",\"description\":\"Enter the name of the requester\",\"propertyOrder\":2},\"email\":{\"type\":\"string\",\"title\":\"Requester Email\",\"minLength\":1,\"description\":\"Enter the email address of the requester. If no contact exists with this email address in your Freshdesk account, it will be added as a new contact\",\"propertyOrder\":3,\"lookup\":{\"service\":\"freshdesk\",\"id\":\"f11\",\"searchable\":false,\"enabled\":true,\"auth\":\"connection\",\"dependencies\":[\"connection\"]}},\"subject\":{\"title\":\"Subject\",\"type\":\"string\",\"minLength\":1,\"description\":\"Enter the subject of the ticket you wish to create\",\"propertyOrder\":4},\"description\":{\"title\":\"Description\",\"type\":\"string\",\"format\":\"textarea\",\"minLength\":1,\"description\":\"Provide a short description of the ticket\",\"propertyOrder\":5},\"cc_emails\":{\"title\":\"Cc Emails\",\"type\":\"array\",\"description\":\"Enter the comma separated email addresses to whom you wish to send a copy of this ticket\",\"propertyOrder\":6,\"items\":{\"title\":\"Email\",\"type\":\"string\",\"lookup\":{\"service\":\"freshdesk\",\"id\":\"f11\",\"searchable\":false,\"enabled\":true,\"auth\":\"connection\",\"dependencies\":[\"connection\"]}}},\"status\":{\"title\":\"Status\",\"type\":\"string\",\"default\":\"Open\",\"minLength\":1,\"description\":\"Select the status of the ticket. The default value for this field is set to ‘Open’\",\"lookup\":{\"service\":\"freshdesk\",\"id\":\"f13\",\"searchable\":false,\"enabled\":true,\"auth\":\"connection\",\"dependencies\":[\"connection\"]},\"propertyOrder\":8},\"priority\":{\"title\":\"Priority\",\"type\":\"string\",\"minLength\":1,\"default\":\"Low\",\"enum\":[\"Low\",\"Medium\",\"High\",\"Urgent\"],\"description\":\"Select the priority of the ticket. The default value for this field is set to ‘Low’\",\"propertyOrder\":9},\"source\":{\"title\":\"Source\",\"type\":\"string\",\"default\":\"Portal\",\"enum\":[\"Email\",\"Portal\",\"Phone\",\"Chat\",\"MobiHelp\",\"Feedback Widget\",\"Outbound Email\"],\"description\":\"Select the channel through which the ticket was created. The default value for this field is set to ‘Portal’\",\"propertyOrder\":10},\"custom_fields\":{\"title\":\"Custom Fields\",\"type\":\"array\",\"description\":\"Key value pairs containing the names and values of custom fields\",\"propertyOrder\":11,\"minItems\":1,\"items\":{\"type\":\"object\",\"title\":\"Label Name\",\"properties\":{\"custom_key\":{\"title\":\"Field Name\",\"type\":\"string\",\"description\":\"Provide the name of the field you wish to add. The field name should be the same as field name in the <a target='blank' href='https://support.freshdesk.com/support/solutions/articles/216548'>UI/API</a> docs\"},\"custom_value\":{\"title\":\"Value\",\"type\":\"string\",\"description\":\"Enter the value for the specified UI field\"}}}},\"additional_params\":{\"title\":\"Additional Fields\",\"description\":\"(List of additional fields (key value fields) present in the UI of 'Freshdesk' service to be added)\",\"type\":\"array\",\"propertyOrder\":12,\"items\":{\"type\":\"object\",\"title\":\"Parameter\",\"properties\":{\"param_name\":{\"title\":\"Field Name\",\"type\":\"string\",\"description\":\"Provide the name of the field you wish to add. The field name should be the same as field name in the <a target= 'blank' href ='https://developers.freshdesk.com/api/#create_ticket'>UI/API</a> docs\"},\"param_value\":{\"title\":\"Value\",\"type\":\"string\",\"description\":\"Enter the value for the specified UI field\"}}}}}}","output":"{\"title\":\"output\",\"type\":\"object\",\"properties\":{\"cc_emails\":{\"title\":\"cc_emails\",\"type\":\"array\",\"displayTitle\":\"Ticket Cc Emails\",\"items\":{\"cc_email\":{\"title\":\"cc_email\",\"type\":\"string\"}}},\"fwd_emails\":{\"title\":\"fwd_emails\",\"type\":\"array\",\"displayTitle\":\"Forwarded Emails\",\"items\":{}},\"reply_cc_emails\":{\"title\":\"reply_cc_emails\",\"type\":\"array\",\"displayTitle\":\"Reply Cc Emails\",\"items\":{\"reply_email\":{\"title\":\"reply_cc_email\",\"type\":\"string\"}}},\"fr_escalated\":{\"title\":\"fr_escalated\",\"type\":\"boolean\",\"displayTitle\":\"From Escalated\"},\"spam\":{\"title\":\"spam\",\"type\":\"boolean\",\"displayTitle\":\"Is Spam\"},\"priority\":{\"title\":\"priority\",\"type\":\"number\",\"displayTitle\":\"Priority\"},\"priority_name\":{\"title\":\"priority_name\",\"type\":\"number\",\"displayTitle\":\"Priority Name\"},\"requester_id\":{\"title\":\"requester_id\",\"type\":\"number\",\"displayTitle\":\"Requester ID\"},\"requester_name\":{\"title\":\"requester_name\",\"type\":\"number\",\"displayTitle\":\"Requester Name\"},\"requester_email\":{\"title\":\"requester_email\",\"type\":\"number\",\"displayTitle\":\"Requester Email\"},\"source\":{\"title\":\"source\",\"type\":\"number\",\"displayTitle\":\"Source\"},\"source_name\":{\"title\":\"source_name\",\"type\":\"number\",\"displayTitle\":\"Source Name\"},\"status\":{\"title\":\"status\",\"type\":\"number\",\"displayTitle\":\"Ticket Status\"},\"status_name\":{\"title\":\"status_name\",\"type\":\"number\",\"displayTitle\":\"Status Name\"},\"subject\":{\"title\":\"subject\",\"type\":\"string\",\"displayTitle\":\"Subject\"},\"id\":{\"title\":\"id\",\"type\":\"number\",\"displayTitle\":\"Ticket ID\"},\"due_by\":{\"title\":\"due_by\",\"type\":\"string\",\"displayTitle\":\"Due By\"},\"fr_due_by\":{\"title\":\"fr_due_by\",\"type\":\"string\",\"displayTitle\":\"First Due By\"},\"is_escalated\":{\"title\":\"is_escalated\",\"type\":\"boolean\",\"displayTitle\":\"Is Escalated\"},\"description\":{\"title\":\"description\",\"type\":\"string\",\"displayTitle\":\"Description\"},\"description_text\":{\"title\":\"description_text\",\"type\":\"string\",\"displayTitle\":\"Description Text\"},\"custom_fields\":{\"title\":\"custom_fields\",\"type\":\"object\",\"displayTitle\":\"Custom Fields\",\"properties\":{}},\"created_at\":{\"title\":\"created_at\",\"type\":\"string\",\"displayTitle\":\"Created At\"},\"updated_at\":{\"title\":\"updated_at\",\"type\":\"string\",\"displayTitle\":\"Updated At\"},\"tags\":{\"title\":\"tags\",\"type\":\"array\",\"displayTitle\":\"Tags\",\"items\":{}},\"attachments\":{\"title\":\"attachments\",\"displayTitle\":\"Attachments\",\"type\":\"array\",\"items\":{\"title\":\"items\",\"type\":\"object\",\"properties\":{\"id\":{\"title\":\"id\",\"type\":\"string\",\"displayTitle\":\"Attachment ID\"},\"content_type\":{\"title\":\"content_type\",\"type\":\"string\",\"displayTitle\":\"Attachment Content Type\"},\"size\":{\"title\":\"size\",\"type\":\"string\",\"displayTitle\":\"Attachment Size\"},\"name\":{\"title\":\"name\",\"type\":\"string\",\"displayTitle\":\"Attachment Name\"},\"attachment_url\":{\"title\":\"attachment_url\",\"type\":\"string\",\"displayTitle\":\"Attachment URL\"},\"created_at\":{\"title\":\"created_at\",\"type\":\"string\",\"displayTitle\":\"Attachment Created At\"},\"updated_at\":{\"title\":\"updated_at\",\"type\":\"string\",\"displayTitle\":\"Attachment Updated At\"}}}}}}","version":"v4","title":"Create Ticket"}],"features":{"retry":{"enable":false,"max_attempts":3},"checkpoint":{"enable":false}},"mask":{"input":{"a1":[],"a3":[],"a4":[],"a5":[],"a6":[],"ga70":[],"a8":[],"a9":[],"a10":[],"a11":[]},"output":{"a1":[],"a3":[],"a4":[],"a5":[],"a6":[],"ga70":[],"a8":[],"a9":[],"a10":[],"a11":[]}},"uid":"fl4f6df56ee93de01ab6064e","refid":"tsjewvylx","description":"","tags":[],"webhook_settings":{"show_auth":false,"auth_type":"user_auth","webhook_auth":{"type":"basic","auth":{"user_name":"","password":""}},"webhook_token":{"type":"authtoken","auth":{"token":""}}},"config_data":[{"action_data":{"or":[]},"activity_id":"gca71","type":"action_data","flow_version":1},{"action_data":{"or":[]},"activity_id":"c22","type":"action_data","flow_version":1},{"action_data":{"or":[]},"activity_id":"gca70","type":"action_data","flow_version":1},{"action_data":{"or":[]},"activity_id":"c23","type":"action_data","flow_version":1},{"type":"connection","activity_id":"a4","action":"Send an SMS","service":"Twilio","provider":"twilio","version":"v1","name":"Twilio_Mam","connection":"uconn7eccaf4439eca6048d98da4d3e0e76a317cda2d6","flow_version":1},{"action_data":{"or":[]},"activity_id":"c24","type":"action_data","flow_version":1},{"action_data":{"or":[]},"activity_id":"c18","type":"action_data","flow_version":1},{"action_data":{"_$act":["ga70"],"_$pos":{"height":350,"width":700}},"activity_id":"a7","type":"action_data","flow_version":1},{"action_data":{"or":[]},"activity_id":"c21","type":"action_data","flow_version":1},{"action_data":{"or":[]},"activity_id":"c5","type":"action_data","flow_version":1},{"action_data":{"or":[],"$input_expre$$ion":[]},"activity_id":"c2","type":"action_data","flow_version":1},{"action_data":{"acc_sid":"{{$config.connection.uconn7eccaf4439eca6048d98da4d3e0e76a317cda2d6.handle}}","_connection":"{{$config.connection.uconn7eccaf4439eca6048d98da4d3e0e76a317cda2d6}}","to_number":"+14082039274","from_number":"+16506467349","msg_body":"Iot Alert\nseverity:{{$trigger.message.severity}}","$input_expre$$ion":[],"$lookup_label$$":{}},"activity_id":"a4","type":"action_data","flow_version":1},{"action_data":{"AccessToken":"{{$config.auth.au5bcd3bc218e564e924cec322a19a4eeca8efd68c.access_token}}","_oauth":"{{$config.auth.au5bcd3bc218e564e924cec322a19a4eeca8efd68c}}","channel_type":{"channel":"deviceiotescalations","type":"public"},"text":"Here is the case id: {{$a1.id}}\n\nHere is the alarm severity: {{$trigger.message.severity}}","username":"","as_user":true,"parse":"full","link_names":0,"attachments":"","unfurl_links":true,"unfurl_media":false,"icon_url":"","icon_emoji":"","$input_expre$$ion":[],"$lookup_label$$":{"channel_type":{"channel":""}}},"activity_id":"a11","type":"action_data","flow_version":1},{"type":"connection","activity_id":"start","action":"Start","service":"Cumulocity","provider":"cumulocity_v3","name":"Cumulocity Prod Account","trigger":"lstnr-72828a7c-c040-48e9-932f-ebb706e6e896","connection":"uconn09e3e5872d742403137ceec064d1d6e5dd1d9d6d","flow_version":1},{"action_data":{"to":"mamatha.am@softwareag.com","cc":"","bcc":"","replyTo":"","subject":"Notification","bodyType":"Text","body":"{{$trigger}}","attachments":[],"$input_expre$$ion":[],"$lookup_label$$":{}},"activity_id":"a9","type":"action_data","flow_version":1},{"type":"auth","activity_id":"a11","action":"Post Message to Channel","service":"Slack","provider":"slack","version":"v2","name":"Slack_Mam","auth":"au5bcd3bc218e564e924cec322a19a4eeca8efd68c","flow_version":1},{"action_data":{"logs":["{{$trigger.message}}"],"$input_expre$$ion":[],"$lookup_label$$":{}},"activity_id":"a10","type":"action_data","flow_version":1},{"type":"connection","activity_id":"ga70","action":"Create Ticket","service":"Freshdesk","provider":"freshdesk","version":"v4","name":"Freshdesk_Mam","connection":"uconne8ce0573047ca814105d9febea206d3171b55da8","flow_version":1},{"action_data":{"connection":"{{$config.connection.uconne8ce0573047ca814105d9febea206d3171b55da8.handle}}","_connection":"{{$config.connection.uconne8ce0573047ca814105d9febea206d3171b55da8}}","name":"","email":"Paulfish06@gmail.com","subject":"This workflow has failed","description":"{{$a7}}","cc_emails":[],"status":"Open","priority":"Low","source":"Portal","custom_fields":[{"custom_key":"","custom_value":""}],"additional_params":[],"$input_expre$$ion":[],"$lookup_label$$":{"email":"","status":""}},"activity_id":"ga70","type":"action_data","flow_version":1},{"type":"connection","activity_id":"a1","action":"Create Ticket","service":"Freshdesk","provider":"freshdesk","version":"v4","name":"Freshdesk_Mam","connection":"uconne8ce0573047ca814105d9febea206d3171b55da8","flow_version":1},{"action_data":{"connection":"{{$config.connection.uconne8ce0573047ca814105d9febea206d3171b55da8.handle}}","_connection":"{{$config.connection.uconne8ce0573047ca814105d9febea206d3171b55da8}}","name":"Paul","email":"Paulfish06@gmail.com","subject":"New IoT Maintenance Request","description":"Please take care of this ticket","cc_emails":[],"status":"Open","priority":"High","source":"Chat","custom_fields":[{"custom_key":"","custom_value":""}],"additional_params":[],"$input_expre$$ion":[],"$lookup_label$$":{"email":"","status":""}},"activity_id":"a1","type":"action_data","flow_version":1},{"action_data":{"or":[{"and":[{"input":"{{$trigger.message.severity}}","operator":"(Text) Matches","expected":"MAJOR"}]}],"$input_expre$$ion":[],"$lookup_label$$":{}},"activity_id":"c1","type":"action_data","flow_version":1}],"custom_connector":[]}}