{"name":"Chunk and Conquer","description":"<p>As&nbsp;input,&nbsp;this&nbsp;workflow&nbsp;expects&nbsp;a&nbsp;Base64&nbsp;encoded&nbsp;(using&nbsp;UTF8)&nbsp;CSV&nbsp;string, the name of the database table where the data should go to&nbsp;and&nbsp;the&nbsp;number&nbsp;of&nbsp;chunks&nbsp;to&nbsp;divide&nbsp;it&nbsp;into.</p><p>The&nbsp;CSV&nbsp;input&nbsp;will&nbsp;be&nbsp;converted&nbsp;to&nbsp;JSON.&nbsp;The&nbsp;JSON&nbsp;array&nbsp;is&nbsp;then&nbsp;transformed&nbsp;into&nbsp;a&nbsp;string&nbsp;that&nbsp;can&nbsp;be&nbsp;used&nbsp;inside&nbsp;a&nbsp;MySQL&nbsp;insert&nbsp;statement.</p>","template_schema":{"type":"object","title":"","properties":{"57ecc89d2524e79a22a3263deab3b86d":{"title":"MySQL Connection","type":"string","minLength":1,"connection":"mysql","__icon":"mysql","__path":[["1Bu4sQcmeY","ga54","connection"]],"propertyOrder":1}}},"icons":["logger","csv-json","group","node-js","mysql"],"connectors":["Developer Tools","Transform","Loop","MySQL"],"flow_params":[],"project_params":[],"recipeVersion":1,"flow":{"_id":"5dbaacfbfd1d12001a04955c","configurations":{"debugger":true,"auto_connect":true,"live_visualization":true,"container_size":256,"canvas_settings":{"zoom":0.8,"top":-8694,"left":-8428},"is_webhook":true,"is_webhook_auth":true,"params":[]},"trigger":{"active":false,"handlers":[]},"draft":false,"flow_version":7,"activity_icons":["logger","csv-json","logger","group","node-js","mysql"],"transform":[{"category":"string","title":"Decode Input","name":"base64Decoded","input":{"type":"object","title":"Base 64 Decoded","description":"Short description","properties":{"string":{"type":"string","title":"String","description":"Specify the base64Encoded string","propertyOrder":1,"minLength":1},"encoding":{"type":"string","title":"encodings","enum":["ascii","base64","binary","hex","ucs2","utf16le","utf8"],"description":"Select the Encoding","propertyOrder":2}}},"output":{"title":"output","type":"object","properties":{"value":{"title":"value","type":"string","displayTitle":"Value","description":"Decode string"},"encoding":{"title":"encoding","type":"string","displayTitle":"Encoding","description":"Encoding"}}},"data":{"string":"{{$request.body.value}}","encoding":"utf8"},"id":"t2","action_id":"a2","icon":"transform","label":"Base 64 Decoded","description":"Decodes the base64 encoded string"},{"category":"array","title":"Chunk To Process","name":"chunk","input":{"type":"object","title":"Chunk","description":"Creates the chunck of array of the specified size","properties":{"arrayData":{"type":"string","title":"Array","description":"Specify the array on which you want to perform the operation","propertyOrder":1,"minLength":1,"format":"textarea"},"size":{"type":"string","title":"Size","description":"Specify size of each chunck array (example 1,2,3)","propertyOrder":2}}},"output":{"title":"output","type":"object","properties":{"output":{"title":"output","type":"any","displayTitle":"Output","description":"Array containing the chuncks of array"}}},"data":{"arrayData":"{{$a3.json}}","size":"{{$request.body.chunks}}"},"id":"t3","action_id":"a4","icon":"transform","label":"Chunk","description":"Creates the chunck of array of the specified size"},{"category":"array","title":"Count Items","name":"size","input":{"type":"object","title":"Size","description":"Short description","properties":{"arrayData":{"type":"string","title":"Array","description":"Specify the array on which you want to perform the operation","propertyOrder":1,"minLength":1,"format":"textarea"}}},"output":{"title":"output","type":"object","properties":{"size":{"title":"size","type":"number","displayTitle":"Size","description":"Contains the size of array"}}},"data":{"arrayData":"{{$a3.json}}"},"id":"t6","action_id":"a4","icon":"transform","label":"Size","description":"Returns the size of array"},{"category":"object","title":"Check for chunks input","name":"containsKey","input":{"type":"object","title":"Contains Key","description":"","properties":{"object":{"type":"string","title":"Object","description":"Specify the Object","minLength":1,"propertyOrder":1},"key":{"type":"string","title":"Key","description":"Specify the Key","minLength":1,"propertyOrder":2}}},"output":{"title":"output","type":"object","properties":{"containsKey":{"title":"containsKey","type":"boolean","displayTitle":"Containskey"}}},"data":{"object":"{{$request.body}}","key":"chunks"},"id":"t8","action_id":"a2","icon":"transform","label":"Contains Key","description":""}],"name":"Chunk and Conquer","project_uid":"fla99ceaa7a341766a62ba3a","tenant_uid":"fl2b42ed0866e2e730eea7d5","action_schema":[{"id":"stop","type":"stop","label":"Stop","position":{"x":1149.5,"y":391.5},"category":"special","help":"End point of Flow","next":null,"prev":["c5"],"output":[]},{"category":"default","published":false,"hide_settings":false,"marketing_category":[],"uid":"act5b9c11c345c41102bf02a5","name":"condition","input":"{\"title\":\"Condition Activity\",\"description\":\"Only flow continue when\",\"type\":\"object\",\"properties\":{\"or\":{\"type\":\"array\",\"title\":\"Conditions\",\"items\":{\"type\":\"object\",\"title\":\"Condition\",\"properties\":{\"and\":{\"type\":\"array\",\"title\":\"Filters\",\"items\":{\"type\":\"object\",\"title\":\"Filter\",\"format\":\"table\",\"properties\":{\"input\":{\"type\":\"string\",\"title\":\"Input\",\"minLength\":1},\"operator\":{\"title\":\"Condition\",\"description\":\"Select proper condition\",\"type\":\"string\",\"enum\":[\"(Text) Matches\",\"(Text) Exactly Matches\",\"(Text) Does Not Match\",\"(Text) Does Not Exactly Match\",\"(Text) Contains\",\"(Text) Does Not Contain\",\"(Text) Starts With\",\"(Text) Does Not Start With\",\"(Text) Ends With\",\"(Text) Does Not End With\",\"(Text) Is Alphanumeric\",\"(Text) Is Empty\",\"(Number) Equals\",\"(Number) Not Equals\",\"(Number) Greater Than\",\"(Number) Greater Than Equals\",\"(Number) Less Than\",\"(Number) Less Than Equals\",\"(Number) Is Negative\",\"(Number) Is Positive\",\"(Date/Time) Equals\",\"(Date/Time) Less Than\",\"(Date/Time) Less Than Equals\",\"(Date/Time) Greater Than\",\"(Date/Time) Greater Than Equals\",\"(Array) Length Equals\",\"(Array) Length Does Not Equals\",\"(Array) Length Less Than\",\"(Array) Length Less Than Equals\",\"(Array) Length Greater Than\",\"(Array) Length Greater Than Equals\",\"(Array) Is Empty\",\"(Array) Contains All Object\",\"(Array) Contains All String\",\"(Array) Contains All Number\",\"(Array) Contains All Object And Has This Property\",\"(Object) Has Property\",\"(Object) Does Not Have Property\",\"(Object) Is Empty\",\"(Regex) Match Pattern\",\"(Boolean) Is Value True\",\"(Boolean) Is Value False\",\"(Input) Exists\",\"(Input) Does Not Exist\",\"(Input) Is Null\",\"(Input) Is String\",\"(Input) Is Number\",\"(Input) Is Date\",\"(Input) Is An Array\",\"(Input) Is An Object\",\"(Input) Is Boolean\",\"(Input) Data Type Is\"]},\"expected\":{\"type\":\"string\",\"title\":\"Expected\",\"description\":\"Enter the value you want to compare against the value given in the Input field for the specified condition. By default, the value of this field is set to true for all conditions starting with ‘Is’.\"}}}}}}}}}","output":"{\"title\":\"output\",\"type\":\"object\",\"properties\":{\"fields\":{\"type\":\"array\",\"title\":\"fields\",\"items\":{\"type\":\"object\"}},\"error\":{\"type\":\"string\",\"title\":\"error\"}}}","usage":{"html":"Allows you to check conditions.","link":{"title":"Help","href":"https://flowdocs.built.io/concepts/conditions"}},"version":"v3","icon":"condition","act_type":"default","title":"Condition","provider":"Internal Only","next":["a2"],"prev":["start"],"id":"c0","type":"condition","label":"condition","datsetConnectionDetachableition":{},"json":"{\"title\":\"Condition Activity\",\"description\":\"Only flow continue when\",\"type\":\"object\",\"properties\":{\"or\":{\"type\":\"array\",\"title\":\"Conditions\",\"items\":{\"type\":\"object\",\"title\":\"Condition\",\"properties\":{\"and\":{\"type\":\"array\",\"title\":\"Filters\",\"items\":{\"type\":\"object\",\"title\":\"Filter\",\"format\":\"table\",\"properties\":{\"input\":{\"type\":\"string\",\"title\":\"Input\",\"minLength\":1},\"operator\":{\"title\":\"Condition\",\"description\":\"Select proper condition\",\"type\":\"string\",\"enum\":[\"(Text) Matches\",\"(Text) Exactly Matches\",\"(Text) Does Not Match\",\"(Text) Does Not Exactly Match\",\"(Text) Contains\",\"(Text) Does Not Contain\",\"(Text) Starts With\",\"(Text) Does Not Start With\",\"(Text) Ends With\",\"(Text) Does Not End With\",\"(Text) Is Alphanumeric\",\"(Text) Is Empty\",\"(Number) Equals\",\"(Number) Not Equals\",\"(Number) Greater Than\",\"(Number) Greater Than Equals\",\"(Number) Less Than\",\"(Number) Less Than Equals\",\"(Number) Is Negative\",\"(Number) Is Positive\",\"(Date/Time) Equals\",\"(Date/Time) Less Than\",\"(Date/Time) Less Than Equals\",\"(Date/Time) Greater Than\",\"(Date/Time) Greater Than Equals\",\"(Array) Length Equals\",\"(Array) Length Does Not Equals\",\"(Array) Length Less Than\",\"(Array) Length Less Than Equals\",\"(Array) Length Greater Than\",\"(Array) Length Greater Than Equals\",\"(Array) Is Empty\",\"(Array) Contains All Object\",\"(Array) Contains All String\",\"(Array) Contains All Number\",\"(Array) Contains All Object And Has This Property\",\"(Object) Has Property\",\"(Object) Does Not Have Property\",\"(Object) Is Empty\",\"(Regex) Match Pattern\",\"(Boolean) Is Value True\",\"(Boolean) Is Value False\",\"(Input) Exists\",\"(Input) Does Not Exist\",\"(Input) Is Null\",\"(Input) Is String\",\"(Input) Is Number\",\"(Input) Is Date\",\"(Input) Is An Array\",\"(Input) Is An Object\",\"(Input) Is Boolean\",\"(Input) Data Type Is\"]},\"expected\":{\"type\":\"string\",\"title\":\"Expected\",\"description\":\"Enter the value you want to compare against the value given in the Input field for the specified condition. By default, the value of this field is set to true for all conditions starting with ‘Is’.\"}}}}}}}}}"},{"category":"default","published":false,"hide_settings":false,"marketing_category":[],"uid":"act5b9c11c345c41102bf02a5","name":"condition","input":"{\"title\":\"Condition Activity\",\"description\":\"Only flow continue when\",\"type\":\"object\",\"properties\":{\"or\":{\"type\":\"array\",\"title\":\"Conditions\",\"items\":{\"type\":\"object\",\"title\":\"Condition\",\"properties\":{\"and\":{\"type\":\"array\",\"title\":\"Filters\",\"items\":{\"type\":\"object\",\"title\":\"Filter\",\"format\":\"table\",\"properties\":{\"input\":{\"type\":\"string\",\"title\":\"Input\",\"minLength\":1},\"operator\":{\"title\":\"Condition\",\"description\":\"Select proper condition\",\"type\":\"string\",\"enum\":[\"(Text) Matches\",\"(Text) Exactly Matches\",\"(Text) Does Not Match\",\"(Text) Does Not Exactly Match\",\"(Text) Contains\",\"(Text) Does Not Contain\",\"(Text) Starts With\",\"(Text) Does Not Start With\",\"(Text) Ends With\",\"(Text) Does Not End With\",\"(Text) Is Alphanumeric\",\"(Text) Is Empty\",\"(Number) Equals\",\"(Number) Not Equals\",\"(Number) Greater Than\",\"(Number) Greater Than Equals\",\"(Number) Less Than\",\"(Number) Less Than Equals\",\"(Number) Is Negative\",\"(Number) Is Positive\",\"(Date/Time) Equals\",\"(Date/Time) Less Than\",\"(Date/Time) Less Than Equals\",\"(Date/Time) Greater Than\",\"(Date/Time) Greater Than Equals\",\"(Array) Length Equals\",\"(Array) Length Does Not Equals\",\"(Array) Length Less Than\",\"(Array) Length Less Than Equals\",\"(Array) Length Greater Than\",\"(Array) Length Greater Than Equals\",\"(Array) Is Empty\",\"(Array) Contains All Object\",\"(Array) Contains All String\",\"(Array) Contains All Number\",\"(Array) Contains All Object And Has This Property\",\"(Object) Has Property\",\"(Object) Does Not Have Property\",\"(Object) Is Empty\",\"(Regex) Match Pattern\",\"(Boolean) Is Value True\",\"(Boolean) Is Value False\",\"(Input) Exists\",\"(Input) Does Not Exist\",\"(Input) Is Null\",\"(Input) Is String\",\"(Input) Is Number\",\"(Input) Is Date\",\"(Input) Is An Array\",\"(Input) Is An Object\",\"(Input) Is Boolean\",\"(Input) Data Type Is\"]},\"expected\":{\"type\":\"string\",\"title\":\"Expected\",\"description\":\"Enter the value you want to compare against the value given in the Input field for the specified condition. By default, the value of this field is set to true for all conditions starting with ‘Is’.\"}}}}}}}}}","output":"{\"title\":\"output\",\"type\":\"object\",\"properties\":{\"fields\":{\"type\":\"array\",\"title\":\"fields\",\"items\":{\"type\":\"object\"}},\"error\":{\"type\":\"string\",\"title\":\"error\"}}}","usage":{"html":"Allows you to check conditions.","link":{"title":"Help","href":"https://flowdocs.built.io/concepts/conditions"}},"version":"v3","icon":"condition","act_type":"default","title":"Condition","provider":"Internal Only","next":["a3"],"prev":["a2"],"id":"c2","type":"condition","label":"condition","datsetConnectionDetachableition":{},"json":"{\"title\":\"Condition Activity\",\"description\":\"Only flow continue when\",\"type\":\"object\",\"properties\":{\"or\":{\"type\":\"array\",\"title\":\"Conditions\",\"items\":{\"type\":\"object\",\"title\":\"Condition\",\"properties\":{\"and\":{\"type\":\"array\",\"title\":\"Filters\",\"items\":{\"type\":\"object\",\"title\":\"Filter\",\"format\":\"table\",\"properties\":{\"input\":{\"type\":\"string\",\"title\":\"Input\",\"minLength\":1},\"operator\":{\"title\":\"Condition\",\"description\":\"Select proper condition\",\"type\":\"string\",\"enum\":[\"(Text) Matches\",\"(Text) Exactly Matches\",\"(Text) Does Not Match\",\"(Text) Does Not Exactly Match\",\"(Text) Contains\",\"(Text) Does Not Contain\",\"(Text) Starts With\",\"(Text) Does Not Start With\",\"(Text) Ends With\",\"(Text) Does Not End With\",\"(Text) Is Alphanumeric\",\"(Text) Is Empty\",\"(Number) Equals\",\"(Number) Not Equals\",\"(Number) Greater Than\",\"(Number) Greater Than Equals\",\"(Number) Less Than\",\"(Number) Less Than Equals\",\"(Number) Is Negative\",\"(Number) Is Positive\",\"(Date/Time) Equals\",\"(Date/Time) Less Than\",\"(Date/Time) Less Than Equals\",\"(Date/Time) Greater Than\",\"(Date/Time) Greater Than Equals\",\"(Array) Length Equals\",\"(Array) Length Does Not Equals\",\"(Array) Length Less Than\",\"(Array) Length Less Than Equals\",\"(Array) Length Greater Than\",\"(Array) Length Greater Than Equals\",\"(Array) Is Empty\",\"(Array) Contains All Object\",\"(Array) Contains All String\",\"(Array) Contains All Number\",\"(Array) Contains All Object And Has This Property\",\"(Object) Has Property\",\"(Object) Does Not Have Property\",\"(Object) Is Empty\",\"(Regex) Match Pattern\",\"(Boolean) Is Value True\",\"(Boolean) Is Value False\",\"(Input) Exists\",\"(Input) Does Not Exist\",\"(Input) Is Null\",\"(Input) Is String\",\"(Input) Is Number\",\"(Input) Is Date\",\"(Input) Is An Array\",\"(Input) Is An Object\",\"(Input) Is Boolean\",\"(Input) Data Type Is\"]},\"expected\":{\"type\":\"string\",\"title\":\"Expected\",\"description\":\"Enter the value you want to compare against the value given in the Input field for the specified condition. By default, the value of this field is set to true for all conditions starting with ‘Is’.\"}}}}}}}}}"},{"category":"default","published":false,"hide_settings":false,"marketing_category":[],"uid":"act5b9c11c345c41102bf02a5","name":"condition","input":"{\"title\":\"Condition Activity\",\"description\":\"Only flow continue when\",\"type\":\"object\",\"properties\":{\"or\":{\"type\":\"array\",\"title\":\"Conditions\",\"items\":{\"type\":\"object\",\"title\":\"Condition\",\"properties\":{\"and\":{\"type\":\"array\",\"title\":\"Filters\",\"items\":{\"type\":\"object\",\"title\":\"Filter\",\"format\":\"table\",\"properties\":{\"input\":{\"type\":\"string\",\"title\":\"Input\",\"minLength\":1},\"operator\":{\"title\":\"Condition\",\"description\":\"Select proper condition\",\"type\":\"string\",\"enum\":[\"(Text) Matches\",\"(Text) Exactly Matches\",\"(Text) Does Not Match\",\"(Text) Does Not Exactly Match\",\"(Text) Contains\",\"(Text) Does Not Contain\",\"(Text) Starts With\",\"(Text) Does Not Start With\",\"(Text) Ends With\",\"(Text) Does Not End With\",\"(Text) Is Alphanumeric\",\"(Text) Is Empty\",\"(Number) Equals\",\"(Number) Not Equals\",\"(Number) Greater Than\",\"(Number) Greater Than Equals\",\"(Number) Less Than\",\"(Number) Less Than Equals\",\"(Number) Is Negative\",\"(Number) Is Positive\",\"(Date/Time) Equals\",\"(Date/Time) Less Than\",\"(Date/Time) Less Than Equals\",\"(Date/Time) Greater Than\",\"(Date/Time) Greater Than Equals\",\"(Array) Length Equals\",\"(Array) Length Does Not Equals\",\"(Array) Length Less Than\",\"(Array) Length Less Than Equals\",\"(Array) Length Greater Than\",\"(Array) Length Greater Than Equals\",\"(Array) Is Empty\",\"(Array) Contains All Object\",\"(Array) Contains All String\",\"(Array) Contains All Number\",\"(Array) Contains All Object And Has This Property\",\"(Object) Has Property\",\"(Object) Does Not Have Property\",\"(Object) Is Empty\",\"(Regex) Match Pattern\",\"(Boolean) Is Value True\",\"(Boolean) Is Value False\",\"(Input) Exists\",\"(Input) Does Not Exist\",\"(Input) Is Null\",\"(Input) Is String\",\"(Input) Is Number\",\"(Input) Is Date\",\"(Input) Is An Array\",\"(Input) Is An Object\",\"(Input) Is Boolean\",\"(Input) Data Type Is\"]},\"expected\":{\"type\":\"string\",\"title\":\"Expected\",\"description\":\"Enter the value you want to compare against the value given in the Input field for the specified condition. By default, the value of this field is set to true for all conditions starting with ‘Is’.\"}}}}}}}}}","output":"{\"title\":\"output\",\"type\":\"object\",\"properties\":{\"fields\":{\"type\":\"array\",\"title\":\"fields\",\"items\":{\"type\":\"object\"}},\"error\":{\"type\":\"string\",\"title\":\"error\"}}}","usage":{"html":"Allows you to check conditions.","link":{"title":"Help","href":"https://flowdocs.built.io/concepts/conditions"}},"version":"v3","icon":"condition","act_type":"default","title":"Condition","provider":"Internal Only","next":["a5"],"prev":["a4"],"id":"c4","type":"condition","label":"condition","datsetConnectionDetachableition":{},"json":"{\"title\":\"Condition Activity\",\"description\":\"Only flow continue when\",\"type\":\"object\",\"properties\":{\"or\":{\"type\":\"array\",\"title\":\"Conditions\",\"items\":{\"type\":\"object\",\"title\":\"Condition\",\"properties\":{\"and\":{\"type\":\"array\",\"title\":\"Filters\",\"items\":{\"type\":\"object\",\"title\":\"Filter\",\"format\":\"table\",\"properties\":{\"input\":{\"type\":\"string\",\"title\":\"Input\",\"minLength\":1},\"operator\":{\"title\":\"Condition\",\"description\":\"Select proper condition\",\"type\":\"string\",\"enum\":[\"(Text) Matches\",\"(Text) Exactly Matches\",\"(Text) Does Not Match\",\"(Text) Does Not Exactly Match\",\"(Text) Contains\",\"(Text) Does Not Contain\",\"(Text) Starts With\",\"(Text) Does Not Start With\",\"(Text) Ends With\",\"(Text) Does Not End With\",\"(Text) Is Alphanumeric\",\"(Text) Is Empty\",\"(Number) Equals\",\"(Number) Not Equals\",\"(Number) Greater Than\",\"(Number) Greater Than Equals\",\"(Number) Less Than\",\"(Number) Less Than Equals\",\"(Number) Is Negative\",\"(Number) Is Positive\",\"(Date/Time) Equals\",\"(Date/Time) Less Than\",\"(Date/Time) Less Than Equals\",\"(Date/Time) Greater Than\",\"(Date/Time) Greater Than Equals\",\"(Array) Length Equals\",\"(Array) Length Does Not Equals\",\"(Array) Length Less Than\",\"(Array) Length Less Than Equals\",\"(Array) Length Greater Than\",\"(Array) Length Greater Than Equals\",\"(Array) Is Empty\",\"(Array) Contains All Object\",\"(Array) Contains All String\",\"(Array) Contains All Number\",\"(Array) Contains All Object And Has This Property\",\"(Object) Has Property\",\"(Object) Does Not Have Property\",\"(Object) Is Empty\",\"(Regex) Match Pattern\",\"(Boolean) Is Value True\",\"(Boolean) Is Value False\",\"(Input) Exists\",\"(Input) Does Not Exist\",\"(Input) Is Null\",\"(Input) Is String\",\"(Input) Is Number\",\"(Input) Is Date\",\"(Input) Is An Array\",\"(Input) Is An Object\",\"(Input) Is Boolean\",\"(Input) Data Type Is\"]},\"expected\":{\"type\":\"string\",\"title\":\"Expected\",\"description\":\"Enter the value you want to compare against the value given in the Input field for the specified condition. By default, the value of this field is set to true for all conditions starting with ‘Is’.\"}}}}}}}}}"},{"category":"default","published":false,"hide_settings":false,"marketing_category":[],"uid":"act5b9c11c345c41102bf02a5","name":"condition","input":"{\"title\":\"Condition Activity\",\"description\":\"Only flow continue when\",\"type\":\"object\",\"properties\":{\"or\":{\"type\":\"array\",\"title\":\"Conditions\",\"items\":{\"type\":\"object\",\"title\":\"Condition\",\"properties\":{\"and\":{\"type\":\"array\",\"title\":\"Filters\",\"items\":{\"type\":\"object\",\"title\":\"Filter\",\"format\":\"table\",\"properties\":{\"input\":{\"type\":\"string\",\"title\":\"Input\",\"minLength\":1},\"operator\":{\"title\":\"Condition\",\"description\":\"Select proper condition\",\"type\":\"string\",\"enum\":[\"(Text) Matches\",\"(Text) Exactly Matches\",\"(Text) Does Not Match\",\"(Text) Does Not Exactly Match\",\"(Text) Contains\",\"(Text) Does Not Contain\",\"(Text) Starts With\",\"(Text) Does Not Start With\",\"(Text) Ends With\",\"(Text) Does Not End With\",\"(Text) Is Alphanumeric\",\"(Text) Is Empty\",\"(Number) Equals\",\"(Number) Not Equals\",\"(Number) Greater Than\",\"(Number) Greater Than Equals\",\"(Number) Less Than\",\"(Number) Less Than Equals\",\"(Number) Is Negative\",\"(Number) Is Positive\",\"(Date/Time) Equals\",\"(Date/Time) Less Than\",\"(Date/Time) Less Than Equals\",\"(Date/Time) Greater Than\",\"(Date/Time) Greater Than Equals\",\"(Array) Length Equals\",\"(Array) Length Does Not Equals\",\"(Array) Length Less Than\",\"(Array) Length Less Than Equals\",\"(Array) Length Greater Than\",\"(Array) Length Greater Than Equals\",\"(Array) Is Empty\",\"(Array) Contains All Object\",\"(Array) Contains All String\",\"(Array) Contains All Number\",\"(Array) Contains All Object And Has This Property\",\"(Object) Has Property\",\"(Object) Does Not Have Property\",\"(Object) Is Empty\",\"(Regex) Match Pattern\",\"(Boolean) Is Value True\",\"(Boolean) Is Value False\",\"(Input) Exists\",\"(Input) Does Not Exist\",\"(Input) Is Null\",\"(Input) Is String\",\"(Input) Is Number\",\"(Input) Is Date\",\"(Input) Is An Array\",\"(Input) Is An Object\",\"(Input) Is Boolean\",\"(Input) Data Type Is\"]},\"expected\":{\"type\":\"string\",\"title\":\"Expected\",\"description\":\"Enter the value you want to compare against the value given in the Input field for the specified condition. By default, the value of this field is set to true for all conditions starting with ‘Is’.\"}}}}}}}}}","output":"{\"title\":\"output\",\"type\":\"object\",\"properties\":{\"fields\":{\"type\":\"array\",\"title\":\"fields\",\"items\":{\"type\":\"object\"}},\"error\":{\"type\":\"string\",\"title\":\"error\"}}}","usage":{"html":"Allows you to check conditions.","link":{"title":"Help","href":"https://flowdocs.built.io/concepts/conditions"}},"version":"v3","icon":"condition","act_type":"default","title":"Condition","provider":"Internal Only","next":["stop"],"prev":["a5"],"id":"c5","type":"condition","label":"condition","datsetConnectionDetachableition":{},"json":"{\"title\":\"Condition Activity\",\"description\":\"Only flow continue when\",\"type\":\"object\",\"properties\":{\"or\":{\"type\":\"array\",\"title\":\"Conditions\",\"items\":{\"type\":\"object\",\"title\":\"Condition\",\"properties\":{\"and\":{\"type\":\"array\",\"title\":\"Filters\",\"items\":{\"type\":\"object\",\"title\":\"Filter\",\"format\":\"table\",\"properties\":{\"input\":{\"type\":\"string\",\"title\":\"Input\",\"minLength\":1},\"operator\":{\"title\":\"Condition\",\"description\":\"Select proper condition\",\"type\":\"string\",\"enum\":[\"(Text) Matches\",\"(Text) Exactly Matches\",\"(Text) Does Not Match\",\"(Text) Does Not Exactly Match\",\"(Text) Contains\",\"(Text) Does Not Contain\",\"(Text) Starts With\",\"(Text) Does Not Start With\",\"(Text) Ends With\",\"(Text) Does Not End With\",\"(Text) Is Alphanumeric\",\"(Text) Is Empty\",\"(Number) Equals\",\"(Number) Not Equals\",\"(Number) Greater Than\",\"(Number) Greater Than Equals\",\"(Number) Less Than\",\"(Number) Less Than Equals\",\"(Number) Is Negative\",\"(Number) Is Positive\",\"(Date/Time) Equals\",\"(Date/Time) Less Than\",\"(Date/Time) Less Than Equals\",\"(Date/Time) Greater Than\",\"(Date/Time) Greater Than Equals\",\"(Array) Length Equals\",\"(Array) Length Does Not Equals\",\"(Array) Length Less Than\",\"(Array) Length Less Than Equals\",\"(Array) Length Greater Than\",\"(Array) Length Greater Than Equals\",\"(Array) Is Empty\",\"(Array) Contains All Object\",\"(Array) Contains All String\",\"(Array) Contains All Number\",\"(Array) Contains All Object And Has This Property\",\"(Object) Has Property\",\"(Object) Does Not Have Property\",\"(Object) Is Empty\",\"(Regex) Match Pattern\",\"(Boolean) Is Value True\",\"(Boolean) Is Value False\",\"(Input) Exists\",\"(Input) Does Not Exist\",\"(Input) Is Null\",\"(Input) Is String\",\"(Input) Is Number\",\"(Input) Is Date\",\"(Input) Is An Array\",\"(Input) Is An Object\",\"(Input) Is Boolean\",\"(Input) Data Type Is\"]},\"expected\":{\"type\":\"string\",\"title\":\"Expected\",\"description\":\"Enter the value you want to compare against the value given in the Input field for the specified condition. By default, the value of this field is set to true for all conditions starting with ‘Is’.\"}}}}}}}}}"},{"category":"default","published":false,"hide_settings":false,"marketing_category":[],"uid":"act5b9c11c345c41102bf02a5","name":"condition","input":"{\"title\":\"Condition Activity\",\"description\":\"Only flow continue when\",\"type\":\"object\",\"properties\":{\"or\":{\"type\":\"array\",\"title\":\"Conditions\",\"items\":{\"type\":\"object\",\"title\":\"Condition\",\"properties\":{\"and\":{\"type\":\"array\",\"title\":\"Filters\",\"items\":{\"type\":\"object\",\"title\":\"Filter\",\"format\":\"table\",\"properties\":{\"input\":{\"type\":\"string\",\"title\":\"Input\",\"minLength\":1},\"operator\":{\"title\":\"Condition\",\"description\":\"Select proper condition\",\"type\":\"string\",\"enum\":[\"(Text) Matches\",\"(Text) Exactly Matches\",\"(Text) Does Not Match\",\"(Text) Does Not Exactly Match\",\"(Text) Contains\",\"(Text) Does Not Contain\",\"(Text) Starts With\",\"(Text) Does Not Start With\",\"(Text) Ends With\",\"(Text) Does Not End With\",\"(Text) Is Alphanumeric\",\"(Text) Is Empty\",\"(Number) Equals\",\"(Number) Not Equals\",\"(Number) Greater Than\",\"(Number) Greater Than Equals\",\"(Number) Less Than\",\"(Number) Less Than Equals\",\"(Number) Is Negative\",\"(Number) Is Positive\",\"(Date/Time) Equals\",\"(Date/Time) Less Than\",\"(Date/Time) Less Than Equals\",\"(Date/Time) Greater Than\",\"(Date/Time) Greater Than Equals\",\"(Array) Length Equals\",\"(Array) Length Does Not Equals\",\"(Array) Length Less Than\",\"(Array) Length Less Than Equals\",\"(Array) Length Greater Than\",\"(Array) Length Greater Than Equals\",\"(Array) Is Empty\",\"(Array) Contains All Object\",\"(Array) Contains All String\",\"(Array) Contains All Number\",\"(Array) Contains All Object And Has This Property\",\"(Object) Has Property\",\"(Object) Does Not Have Property\",\"(Object) Is Empty\",\"(Regex) Match Pattern\",\"(Boolean) Is Value True\",\"(Boolean) Is Value False\",\"(Input) Exists\",\"(Input) Does Not Exist\",\"(Input) Is Null\",\"(Input) Is String\",\"(Input) Is Number\",\"(Input) Is Date\",\"(Input) Is An Array\",\"(Input) Is An Object\",\"(Input) Is Boolean\",\"(Input) Data Type Is\"]},\"expected\":{\"type\":\"string\",\"title\":\"Expected\",\"description\":\"Enter the value you want to compare against the value given in the Input field for the specified condition. By default, the value of this field is set to true for all conditions starting with ‘Is’.\"}}}}}}}}}","output":"{\"title\":\"output\",\"type\":\"object\",\"properties\":{\"fields\":{\"type\":\"array\",\"title\":\"fields\",\"items\":{\"type\":\"object\"}},\"error\":{\"type\":\"string\",\"title\":\"error\"}}}","usage":{"html":"Allows you to check conditions.","link":{"title":"Help","href":"https://flowdocs.built.io/concepts/conditions"}},"version":"v3","icon":"condition","act_type":"default","title":"Condition","provider":"Internal Only","next":["a4"],"prev":["a3"],"id":"c3","type":"condition","label":"condition","datsetConnectionDetachableition":{},"json":"{\"title\":\"Condition Activity\",\"description\":\"Only flow continue when\",\"type\":\"object\",\"properties\":{\"or\":{\"type\":\"array\",\"title\":\"Conditions\",\"items\":{\"type\":\"object\",\"title\":\"Condition\",\"properties\":{\"and\":{\"type\":\"array\",\"title\":\"Filters\",\"items\":{\"type\":\"object\",\"title\":\"Filter\",\"format\":\"table\",\"properties\":{\"input\":{\"type\":\"string\",\"title\":\"Input\",\"minLength\":1},\"operator\":{\"title\":\"Condition\",\"description\":\"Select proper condition\",\"type\":\"string\",\"enum\":[\"(Text) Matches\",\"(Text) Exactly Matches\",\"(Text) Does Not Match\",\"(Text) Does Not Exactly Match\",\"(Text) Contains\",\"(Text) Does Not Contain\",\"(Text) Starts With\",\"(Text) Does Not Start With\",\"(Text) Ends With\",\"(Text) Does Not End With\",\"(Text) Is Alphanumeric\",\"(Text) Is Empty\",\"(Number) Equals\",\"(Number) Not Equals\",\"(Number) Greater Than\",\"(Number) Greater Than Equals\",\"(Number) Less Than\",\"(Number) Less Than Equals\",\"(Number) Is Negative\",\"(Number) Is Positive\",\"(Date/Time) Equals\",\"(Date/Time) Less Than\",\"(Date/Time) Less Than Equals\",\"(Date/Time) Greater Than\",\"(Date/Time) Greater Than Equals\",\"(Array) Length Equals\",\"(Array) Length Does Not Equals\",\"(Array) Length Less Than\",\"(Array) Length Less Than Equals\",\"(Array) Length Greater Than\",\"(Array) Length Greater Than Equals\",\"(Array) Is Empty\",\"(Array) Contains All Object\",\"(Array) Contains All String\",\"(Array) Contains All Number\",\"(Array) Contains All Object And Has This Property\",\"(Object) Has Property\",\"(Object) Does Not Have Property\",\"(Object) Is Empty\",\"(Regex) Match Pattern\",\"(Boolean) Is Value True\",\"(Boolean) Is Value False\",\"(Input) Exists\",\"(Input) Does Not Exist\",\"(Input) Is Null\",\"(Input) Is String\",\"(Input) Is Number\",\"(Input) Is Date\",\"(Input) Is An Array\",\"(Input) Is An Object\",\"(Input) Is Boolean\",\"(Input) Data Type Is\"]},\"expected\":{\"type\":\"string\",\"title\":\"Expected\",\"description\":\"Enter the value you want to compare against the value given in the Input field for the specified condition. By default, the value of this field is set to true for all conditions starting with ‘Is’.\"}}}}}}}}}","original_label":"condition"},{"category":"default","published":false,"hide_settings":false,"marketing_category":[],"uid":"act5b9c11c345c41102bf02a5","name":"condition","input":"{\"title\":\"Condition Activity\",\"description\":\"Only flow continue when\",\"type\":\"object\",\"properties\":{\"or\":{\"type\":\"array\",\"title\":\"Conditions\",\"items\":{\"type\":\"object\",\"title\":\"Condition\",\"properties\":{\"and\":{\"type\":\"array\",\"title\":\"Filters\",\"items\":{\"type\":\"object\",\"title\":\"Filter\",\"format\":\"table\",\"properties\":{\"input\":{\"type\":\"string\",\"title\":\"Input\",\"minLength\":1},\"operator\":{\"title\":\"Condition\",\"description\":\"Select proper condition\",\"type\":\"string\",\"enum\":[\"(Text) Matches\",\"(Text) Exactly Matches\",\"(Text) Does Not Match\",\"(Text) Does Not Exactly Match\",\"(Text) Contains\",\"(Text) Does Not Contain\",\"(Text) Starts With\",\"(Text) Does Not Start With\",\"(Text) Ends With\",\"(Text) Does Not End With\",\"(Text) Is Alphanumeric\",\"(Text) Is Empty\",\"(Number) Equals\",\"(Number) Not Equals\",\"(Number) Greater Than\",\"(Number) Greater Than Equals\",\"(Number) Less Than\",\"(Number) Less Than Equals\",\"(Number) Is Negative\",\"(Number) Is Positive\",\"(Date/Time) Equals\",\"(Date/Time) Less Than\",\"(Date/Time) Less Than Equals\",\"(Date/Time) Greater Than\",\"(Date/Time) Greater Than Equals\",\"(Array) Length Equals\",\"(Array) Length Does Not Equals\",\"(Array) Length Less Than\",\"(Array) Length Less Than Equals\",\"(Array) Length Greater Than\",\"(Array) Length Greater Than Equals\",\"(Array) Is Empty\",\"(Array) Contains All Object\",\"(Array) Contains All String\",\"(Array) Contains All Number\",\"(Array) Contains All Object And Has This Property\",\"(Object) Has Property\",\"(Object) Does Not Have Property\",\"(Object) Is Empty\",\"(Regex) Match Pattern\",\"(Boolean) Is Value True\",\"(Boolean) Is Value False\",\"(Input) Exists\",\"(Input) Does Not Exist\",\"(Input) Is Null\",\"(Input) Is String\",\"(Input) Is Number\",\"(Input) Is Date\",\"(Input) Is An Array\",\"(Input) Is An Object\",\"(Input) Is Boolean\",\"(Input) Data Type Is\"]},\"expected\":{\"type\":\"string\",\"title\":\"Expected\",\"description\":\"Enter the value you want to compare against the value given in the Input field for the specified condition. By default, the value of this field is set to true for all conditions starting with ‘Is’.\"}}}}}}}}}","output":"{\"title\":\"output\",\"type\":\"object\",\"properties\":{\"fields\":{\"type\":\"array\",\"title\":\"fields\",\"items\":{\"type\":\"object\"}},\"error\":{\"type\":\"string\",\"title\":\"error\"}}}","usage":{"html":"Allows you to check conditions.","link":{"title":"Help","href":"https://flowdocs.built.io/concepts/conditions"}},"version":"v3","icon":"condition","act_type":"default","title":"Condition","provider":"Internal Only","group":"a5","next":["ga55"],"prev":["a5"],"id":"gca51","type":"condition","label":"condition","datsetConnectionDetachableition":{},"json":"{\"title\":\"Condition Activity\",\"description\":\"Only flow continue when\",\"type\":\"object\",\"properties\":{\"or\":{\"type\":\"array\",\"title\":\"Conditions\",\"items\":{\"type\":\"object\",\"title\":\"Condition\",\"properties\":{\"and\":{\"type\":\"array\",\"title\":\"Filters\",\"items\":{\"type\":\"object\",\"title\":\"Filter\",\"format\":\"table\",\"properties\":{\"input\":{\"type\":\"string\",\"title\":\"Input\",\"minLength\":1},\"operator\":{\"title\":\"Condition\",\"description\":\"Select proper condition\",\"type\":\"string\",\"enum\":[\"(Text) Matches\",\"(Text) Exactly Matches\",\"(Text) Does Not Match\",\"(Text) Does Not Exactly Match\",\"(Text) Contains\",\"(Text) Does Not Contain\",\"(Text) Starts With\",\"(Text) Does Not Start With\",\"(Text) Ends With\",\"(Text) Does Not End With\",\"(Text) Is Alphanumeric\",\"(Text) Is Empty\",\"(Number) Equals\",\"(Number) Not Equals\",\"(Number) Greater Than\",\"(Number) Greater Than Equals\",\"(Number) Less Than\",\"(Number) Less Than Equals\",\"(Number) Is Negative\",\"(Number) Is Positive\",\"(Date/Time) Equals\",\"(Date/Time) Less Than\",\"(Date/Time) Less Than Equals\",\"(Date/Time) Greater Than\",\"(Date/Time) Greater Than Equals\",\"(Array) Length Equals\",\"(Array) Length Does Not Equals\",\"(Array) Length Less Than\",\"(Array) Length Less Than Equals\",\"(Array) Length Greater Than\",\"(Array) Length Greater Than Equals\",\"(Array) Is Empty\",\"(Array) Contains All Object\",\"(Array) Contains All String\",\"(Array) Contains All Number\",\"(Array) Contains All Object And Has This Property\",\"(Object) Has Property\",\"(Object) Does Not Have Property\",\"(Object) Is Empty\",\"(Regex) Match Pattern\",\"(Boolean) Is Value True\",\"(Boolean) Is Value False\",\"(Input) Exists\",\"(Input) Does Not Exist\",\"(Input) Is Null\",\"(Input) Is String\",\"(Input) Is Number\",\"(Input) Is Date\",\"(Input) Is An Array\",\"(Input) Is An Object\",\"(Input) Is Boolean\",\"(Input) Data Type Is\"]},\"expected\":{\"type\":\"string\",\"title\":\"Expected\",\"description\":\"Enter the value you want to compare against the value given in the Input field for the specified condition. By default, the value of this field is set to true for all conditions starting with ‘Is’.\"}}}}}}}}}"},{"category":"default","published":false,"hide_settings":false,"marketing_category":[],"uid":"act5b9c11c345c41102bf02a5","name":"condition","input":"{\"title\":\"Condition Activity\",\"description\":\"Only flow continue when\",\"type\":\"object\",\"properties\":{\"or\":{\"type\":\"array\",\"title\":\"Conditions\",\"items\":{\"type\":\"object\",\"title\":\"Condition\",\"properties\":{\"and\":{\"type\":\"array\",\"title\":\"Filters\",\"items\":{\"type\":\"object\",\"title\":\"Filter\",\"format\":\"table\",\"properties\":{\"input\":{\"type\":\"string\",\"title\":\"Input\",\"minLength\":1},\"operator\":{\"title\":\"Condition\",\"description\":\"Select proper condition\",\"type\":\"string\",\"enum\":[\"(Text) Matches\",\"(Text) Exactly Matches\",\"(Text) Does Not Match\",\"(Text) Does Not Exactly Match\",\"(Text) Contains\",\"(Text) Does Not Contain\",\"(Text) Starts With\",\"(Text) Does Not Start With\",\"(Text) Ends With\",\"(Text) Does Not End With\",\"(Text) Is Alphanumeric\",\"(Text) Is Empty\",\"(Number) Equals\",\"(Number) Not Equals\",\"(Number) Greater Than\",\"(Number) Greater Than Equals\",\"(Number) Less Than\",\"(Number) Less Than Equals\",\"(Number) Is Negative\",\"(Number) Is Positive\",\"(Date/Time) Equals\",\"(Date/Time) Less Than\",\"(Date/Time) Less Than Equals\",\"(Date/Time) Greater Than\",\"(Date/Time) Greater Than Equals\",\"(Array) Length Equals\",\"(Array) Length Does Not Equals\",\"(Array) Length Less Than\",\"(Array) Length Less Than Equals\",\"(Array) Length Greater Than\",\"(Array) Length Greater Than Equals\",\"(Array) Is Empty\",\"(Array) Contains All Object\",\"(Array) Contains All String\",\"(Array) Contains All Number\",\"(Array) Contains All Object And Has This Property\",\"(Object) Has Property\",\"(Object) Does Not Have Property\",\"(Object) Is Empty\",\"(Regex) Match Pattern\",\"(Boolean) Is Value True\",\"(Boolean) Is Value False\",\"(Input) Exists\",\"(Input) Does Not Exist\",\"(Input) Is Null\",\"(Input) Is String\",\"(Input) Is Number\",\"(Input) Is Date\",\"(Input) Is An Array\",\"(Input) Is An Object\",\"(Input) Is Boolean\",\"(Input) Data Type Is\"]},\"expected\":{\"type\":\"string\",\"title\":\"Expected\",\"description\":\"Enter the value you want to compare against the value given in the Input field for the specified condition. By default, the value of this field is set to true for all conditions starting with ‘Is’.\"}}}}}}}}}","output":"{\"title\":\"output\",\"type\":\"object\",\"properties\":{\"fields\":{\"type\":\"array\",\"title\":\"fields\",\"items\":{\"type\":\"object\"}},\"error\":{\"type\":\"string\",\"title\":\"error\"}}}","usage":{"html":"Allows you to check conditions.","link":{"title":"Help","href":"https://flowdocs.built.io/concepts/conditions"}},"version":"v3","icon":"condition","act_type":"default","title":"Condition","provider":"Internal Only","group":"a5","next":["ga54"],"prev":["ga55"],"id":"gca52","type":"condition","label":"condition","datsetConnectionDetachableition":{},"json":"{\"title\":\"Condition Activity\",\"description\":\"Only flow continue when\",\"type\":\"object\",\"properties\":{\"or\":{\"type\":\"array\",\"title\":\"Conditions\",\"items\":{\"type\":\"object\",\"title\":\"Condition\",\"properties\":{\"and\":{\"type\":\"array\",\"title\":\"Filters\",\"items\":{\"type\":\"object\",\"title\":\"Filter\",\"format\":\"table\",\"properties\":{\"input\":{\"type\":\"string\",\"title\":\"Input\",\"minLength\":1},\"operator\":{\"title\":\"Condition\",\"description\":\"Select proper condition\",\"type\":\"string\",\"enum\":[\"(Text) Matches\",\"(Text) Exactly Matches\",\"(Text) Does Not Match\",\"(Text) Does Not Exactly Match\",\"(Text) Contains\",\"(Text) Does Not Contain\",\"(Text) Starts With\",\"(Text) Does Not Start With\",\"(Text) Ends With\",\"(Text) Does Not End With\",\"(Text) Is Alphanumeric\",\"(Text) Is Empty\",\"(Number) Equals\",\"(Number) Not Equals\",\"(Number) Greater Than\",\"(Number) Greater Than Equals\",\"(Number) Less Than\",\"(Number) Less Than Equals\",\"(Number) Is Negative\",\"(Number) Is Positive\",\"(Date/Time) Equals\",\"(Date/Time) Less Than\",\"(Date/Time) Less Than Equals\",\"(Date/Time) Greater Than\",\"(Date/Time) Greater Than Equals\",\"(Array) Length Equals\",\"(Array) Length Does Not Equals\",\"(Array) Length Less Than\",\"(Array) Length Less Than Equals\",\"(Array) Length Greater Than\",\"(Array) Length Greater Than Equals\",\"(Array) Is Empty\",\"(Array) Contains All Object\",\"(Array) Contains All String\",\"(Array) Contains All Number\",\"(Array) Contains All Object And Has This Property\",\"(Object) Has Property\",\"(Object) Does Not Have Property\",\"(Object) Is Empty\",\"(Regex) Match Pattern\",\"(Boolean) Is Value True\",\"(Boolean) Is Value False\",\"(Input) Exists\",\"(Input) Does Not Exist\",\"(Input) Is Null\",\"(Input) Is String\",\"(Input) Is Number\",\"(Input) Is Date\",\"(Input) Is An Array\",\"(Input) Is An Object\",\"(Input) Is Boolean\",\"(Input) Data Type Is\"]},\"expected\":{\"type\":\"string\",\"title\":\"Expected\",\"description\":\"Enter the value you want to compare against the value given in the Input field for the specified condition. By default, the value of this field is set to true for all conditions starting with ‘Is’.\"}}}}}}}}}"},{"category":"default","published":false,"hide_settings":false,"marketing_category":[],"uid":"act5b9c11c345c41102bf02a5","name":"condition","input":"{\"title\":\"Condition Activity\",\"description\":\"Only flow continue when\",\"type\":\"object\",\"properties\":{\"or\":{\"type\":\"array\",\"title\":\"Conditions\",\"items\":{\"type\":\"object\",\"title\":\"Condition\",\"properties\":{\"and\":{\"type\":\"array\",\"title\":\"Filters\",\"items\":{\"type\":\"object\",\"title\":\"Filter\",\"format\":\"table\",\"properties\":{\"input\":{\"type\":\"string\",\"title\":\"Input\",\"minLength\":1},\"operator\":{\"title\":\"Condition\",\"description\":\"Select proper condition\",\"type\":\"string\",\"enum\":[\"(Text) Matches\",\"(Text) Exactly Matches\",\"(Text) Does Not Match\",\"(Text) Does Not Exactly Match\",\"(Text) Contains\",\"(Text) Does Not Contain\",\"(Text) Starts With\",\"(Text) Does Not Start With\",\"(Text) Ends With\",\"(Text) Does Not End With\",\"(Text) Is Alphanumeric\",\"(Text) Is Empty\",\"(Number) Equals\",\"(Number) Not Equals\",\"(Number) Greater Than\",\"(Number) Greater Than Equals\",\"(Number) Less Than\",\"(Number) Less Than Equals\",\"(Number) Is Negative\",\"(Number) Is Positive\",\"(Date/Time) Equals\",\"(Date/Time) Less Than\",\"(Date/Time) Less Than Equals\",\"(Date/Time) Greater Than\",\"(Date/Time) Greater Than Equals\",\"(Array) Length Equals\",\"(Array) Length Does Not Equals\",\"(Array) Length Less Than\",\"(Array) Length Less Than Equals\",\"(Array) Length Greater Than\",\"(Array) Length Greater Than Equals\",\"(Array) Is Empty\",\"(Array) Contains All Object\",\"(Array) Contains All String\",\"(Array) Contains All Number\",\"(Array) Contains All Object And Has This Property\",\"(Object) Has Property\",\"(Object) Does Not Have Property\",\"(Object) Is Empty\",\"(Regex) Match Pattern\",\"(Boolean) Is Value True\",\"(Boolean) Is Value False\",\"(Input) Exists\",\"(Input) Does Not Exist\",\"(Input) Is Null\",\"(Input) Is String\",\"(Input) Is Number\",\"(Input) Is Date\",\"(Input) Is An Array\",\"(Input) Is An Object\",\"(Input) Is Boolean\",\"(Input) Data Type Is\"]},\"expected\":{\"type\":\"string\",\"title\":\"Expected\",\"description\":\"Enter the value you want to compare against the value given in the Input field for the specified condition. By default, the value of this field is set to true for all conditions starting with ‘Is’.\"}}}}}}}}}","output":"{\"title\":\"output\",\"type\":\"object\",\"properties\":{\"fields\":{\"type\":\"array\",\"title\":\"fields\",\"items\":{\"type\":\"object\"}},\"error\":{\"type\":\"string\",\"title\":\"error\"}}}","usage":{"html":"Allows you to check conditions.","link":{"title":"Help","href":"https://flowdocs.built.io/concepts/conditions"}},"version":"v3","icon":"condition","act_type":"default","title":"Condition","provider":"Internal Only","group":"a5","next":["a5"],"prev":["ga54"],"id":"gca53","type":"condition","label":"condition","datsetConnectionDetachableition":{},"json":"{\"title\":\"Condition Activity\",\"description\":\"Only flow continue when\",\"type\":\"object\",\"properties\":{\"or\":{\"type\":\"array\",\"title\":\"Conditions\",\"items\":{\"type\":\"object\",\"title\":\"Condition\",\"properties\":{\"and\":{\"type\":\"array\",\"title\":\"Filters\",\"items\":{\"type\":\"object\",\"title\":\"Filter\",\"format\":\"table\",\"properties\":{\"input\":{\"type\":\"string\",\"title\":\"Input\",\"minLength\":1},\"operator\":{\"title\":\"Condition\",\"description\":\"Select proper condition\",\"type\":\"string\",\"enum\":[\"(Text) Matches\",\"(Text) Exactly Matches\",\"(Text) Does Not Match\",\"(Text) Does Not Exactly Match\",\"(Text) Contains\",\"(Text) Does Not Contain\",\"(Text) Starts With\",\"(Text) Does Not Start With\",\"(Text) Ends With\",\"(Text) Does Not End With\",\"(Text) Is Alphanumeric\",\"(Text) Is Empty\",\"(Number) Equals\",\"(Number) Not Equals\",\"(Number) Greater Than\",\"(Number) Greater Than Equals\",\"(Number) Less Than\",\"(Number) Less Than Equals\",\"(Number) Is Negative\",\"(Number) Is Positive\",\"(Date/Time) Equals\",\"(Date/Time) Less Than\",\"(Date/Time) Less Than Equals\",\"(Date/Time) Greater Than\",\"(Date/Time) Greater Than Equals\",\"(Array) Length Equals\",\"(Array) Length Does Not Equals\",\"(Array) Length Less Than\",\"(Array) Length Less Than Equals\",\"(Array) Length Greater Than\",\"(Array) Length Greater Than Equals\",\"(Array) Is Empty\",\"(Array) Contains All Object\",\"(Array) Contains All String\",\"(Array) Contains All Number\",\"(Array) Contains All Object And Has This Property\",\"(Object) Has Property\",\"(Object) Does Not Have Property\",\"(Object) Is Empty\",\"(Regex) Match Pattern\",\"(Boolean) Is Value True\",\"(Boolean) Is Value False\",\"(Input) Exists\",\"(Input) Does Not Exist\",\"(Input) Is Null\",\"(Input) Is String\",\"(Input) Is Number\",\"(Input) Is Date\",\"(Input) Is An Array\",\"(Input) Is An Object\",\"(Input) Is Boolean\",\"(Input) Data Type Is\"]},\"expected\":{\"type\":\"string\",\"title\":\"Expected\",\"description\":\"Enter the value you want to compare against the value given in the Input field for the specified condition. By default, the value of this field is set to true for all conditions starting with ‘Is’.\"}}}}}}}}}"},{"id":"start","type":"start","label":"Start","position":{"x":339,"y":391.5},"category":"special","help":"Start point of Flow","next":["c0"],"prev":null,"output":[],"start":true,"original_label":"Start"},{"category":"utilities","published":true,"hide_settings":false,"marketing_category":["developer"],"uid":"acta64bbda85d3d4f1554c7930b3cbac423639c","name":"devtools-logger","input":"{\"type\":\"object\",\"title\":\"Logger\",\"properties\":{\"logs\":{\"type\":\"array\",\"title\":\"Add Logs\",\"minItems\":1,\"items\":{\"type\":\"string\",\"format\":\"textarea\",\"minLength\":1,\"title\":\"Log Data\",\"default\":\"\"}}}}","output":"{\"type\":\"object\",\"properties\":{\"logs\":{\"type\":\"array\",\"title\":\"logs\",\"items\":{\"type\":\"any\"},\"displayTitle\":\"Logs\"}}}","usage":{"link":{"title":"Doc Link","href":"https://flowdocs.built.io/activity/developer-tools/logger"},"html":"Logger Activity"},"version":"v1","icon":"logger","act_type":"default","title":"Logger","provider":"Developer Tools","position":{"x":488,"y":391.5},"type":"devtools-logger","id":"a2","next":["c2"],"prev":["c0"],"label":"Decode Input Base64","hasError":false,"original_label":"Logger"},{"category":"utilities","published":true,"hide_settings":false,"marketing_category":["developer"],"uid":"actedab1e3ab79fe67aa3a6f4238bf3214cb66b","input":"{\"title\":\"CSV to JSON\",\"type\":\"object\",\"properties\":{\"csv\":{\"type\":\"string\",\"title\":\"CSV Data\",\"minLength\":\"1\",\"format\":\"textarea\"},\"delimiter\":{\"type\":\"string\",\"title\":\"Delimiter\",\"description\":\"Enter delimiter value, default value is ,\"},\"quote\":{\"type\":\"string\",\"title\":\"Quote\",\"description\":\"Enter quote value to skip delimiter inside quote, possible value can be ' or \\\" or any character, default is null\"},\"header\":{\"type\":\"boolean\",\"title\":\"Header Based\",\"default\":true,\"description\":\"If header based is true then returned data will contain key-value based object inside an array or it will be an array of array, holding values only\"}}}","name":"devtools-csv2json-convert","output":"{\"type\":\"object\",\"properties\":{\"json\":{\"type\":\"object\",\"title\":\"json\",\"displayTitle\":\"JSON\"}}}","usage":{"link":{"title":"Doc link","href":"https://flowdocs.built.io/activity/developer-tools/csv-to-json-converter"},"html":"Convert CSV data to JSON form"},"version":"v2","icon":"csv-json","act_type":"default","title":"CSV to JSON","provider":"Transform","position":{"x":646,"y":391.5},"type":"devtools-csv2json-convert","id":"a3","next":["c3"],"prev":["c2"],"label":"CSV to JSON","hasError":false,"original_label":"CSV to JSON"},{"category":"utilities","published":true,"hide_settings":false,"marketing_category":["developer"],"uid":"acta64bbda85d3d4f1554c7930b3cbac423639c","name":"devtools-logger","input":"{\"type\":\"object\",\"title\":\"Logger\",\"properties\":{\"logs\":{\"type\":\"array\",\"title\":\"Add Logs\",\"minItems\":1,\"items\":{\"type\":\"string\",\"format\":\"textarea\",\"minLength\":1,\"title\":\"Log Data\",\"default\":\"\"}}}}","output":"{\"type\":\"object\",\"properties\":{\"logs\":{\"type\":\"array\",\"title\":\"logs\",\"items\":{\"type\":\"any\"},\"displayTitle\":\"Logs\"}}}","usage":{"link":{"title":"Doc Link","href":"https://flowdocs.built.io/activity/developer-tools/logger"},"html":"Logger Activity"},"version":"v1","icon":"logger","act_type":"default","title":"Logger","provider":"Developer Tools","position":{"x":805,"y":390.25},"type":"devtools-logger","id":"a4","next":["c4"],"prev":["c3"],"label":"Chunk JSON","hasError":false,"original_label":"Logger"},{"category":"utilities","published":true,"hide_settings":false,"marketing_category":["developer"],"uid":"actcbd739acb05a5a2468013e6aa35048c9942d","name":"group","input":"{\"type\":\"object\",\"title\":\"Select Loop Type\",\"format\":\"table\",\"oneOf\":[{\"title\":\"Times\",\"properties\":{\"loop\":{\"type\":\"string\",\"readonly\":true,\"options\":{\"hidden\":true},\"enum\":[\"for\"]},\"condition\":{\"type\":\"object\",\"format\":\"table\",\"title\":\"Times\",\"properties\":{\"from\":{\"type\":\"string\",\"minLength\":1,\"default\":\"1\",\"title\":\"From\",\"description\":\"First index of loop\",\"options\":{\"hidden\":true}},\"to\":{\"type\":\"string\",\"minLength\":1,\"default\":\"1\",\"title\":\"Number of Times\",\"description\":\"Enter number of times loop shall run\"}}}}},{\"title\":\"Each Item\",\"properties\":{\"loop\":{\"type\":\"string\",\"readonly\":true,\"options\":{\"hidden\":true},\"enum\":[\"foreach\"]},\"condition\":{\"type\":\"object\",\"format\":\"table\",\"title\":\"Each Item In\",\"properties\":{\"foreach\":{\"type\":\"string\",\"minLength\":1,\"title\":\"Source Array/Object\",\"description\":\"Loop will iterate over each item of an array or an object\"}}}}}]}","output":"{\"type\":\"object\",\"properties\":{\"currentIndex\":{\"type\":\"number\",\"title\":\"currentIndex\",\"displayTitle\":\"Current Index\"},\"currentItem\":{\"type\":\"any\",\"title\":\"currentItem\",\"displayTitle\":\"Current Item\"},\"currentKey\":{\"type\":\"string\",\"title\":\"currentKey\",\"displayTitle\":\"Current Key\"},\"currentValue\":{\"type\":\"any\",\"title\":\"currentValue\",\"displayTitle\":\"Current Value\"},\"totalLength\":{\"type\":\"number\",\"title\":\"totalLength\",\"displayTitle\":\"Total Length\"}}}","usage":{"link":{"title":"Doc Link","href":"https://flowdocs.built.io/activity/group"},"html":"Loop Activity"},"version":"v4","icon":"group","act_type":"custom","title":"Loop","provider":"Loop","position":{"x":974,"y":392.5},"type":"group","id":"a5","next":["c5"],"prev":["c4"],"label":"Loop","start":["gca51"],"stop":["gca53"],"hasError":false,"original_label":"Loop","canvas_settings":{"left":"-3890px","top":"-3981px","zoom":0.8,"start":{"position":{"x":3839.5,"y":4022}},"stop":{"position":{"x":4432,"y":4022}}}},{"category":"advance_logic","input":"{\"title\":\"Multi Insert Converter Input\",\"type\":\"object\",\"properties\":{\"inputArray\":{\"title\":\"Array of objects to convert\",\"type\":\"any\",\"description\":\"Array of objects that need to be converted\",\"minLength\":1},\"inColumns\":{\"title\":\"Columns to prepare\",\"type\":\"string\",\"description\":\"CSV list of the columns that need to be prepared. Only these columns will be extracted from the array of objects passed as input\",\"minLength\":1}}}","code_template":"\nvar request = require (\"request\");\n\nmodule.exports = function(){\n\n    this.id = \"prepare-multi-insert-mysql\"; \n\n    this.label = \"Prepare MySQL Multiple Insert\"; \n\n    this.help = \"Converts a json array into a string that can be used in a MySQL insert\"; \n\n    this.input = {\n        \"title\": \"Multi Insert Converter Input\",\n        \"type\": \"object\",\n        \"properties\": {\n            inputArray: {\n                \"title\": \"Array of objects to convert\",\n                \"type\": \"any\",\n                \"description\":\"Array of objects that need to be converted\",\n                \"minLength\": 1\n            },\n            \"inColumns\": {\n                \"title\": \"Columns to prepare\",\n                \"type\": \"string\",\n                \"description\":\"CSV list of the columns that need to be prepared. Only these columns will be extracted from the array of objects passed as input\",\n                \"minLength\": 1\n            }\n        }\n    }; \n\n    this.output = {\n        \"title\" : \"Output\",\n        \"type\" : \"object\",\n        \"properties\":{\n            insertKeys:{\n                \"title\":\"Columns\",\n                \"type\" :\"string\"\n            },\n            insertValues:{\n                \"title\":\"Values\",\n                \"type\" :\"string\"\n            }\n        }\n    }; \n\n\n    this.execute = function(input,output){\n        if (input.inputArray && Array.isArray(input.inputArray) && input.inColumns) {\n    const varst = input.inColumns.split(\",\");\n    if (varst && varst.length > 0) {\n        \n        var r4m = input.inputArray.map(function(item, idx){\n            var row = \"(\"\n            for (let i = 0; i < varst.length; i++) {\n                const key = varst[i];\n                row += \"'\" + item[key] + \"',\";\n            }\n            // replace the , at the end for a parenthesis\n            row = row.replace(/,$/,\")\");\n            return row;\n        })\n        console.log(\"RESULT:\\n\" + r4m.toString());\n        output(null, {insertValues: r4m.toString(), insertKeys: \"(\" + varst.toString() + \")\"});\n    }\n}\n    } \n\n}","output":"{\"title\":\"Output\",\"type\":\"object\",\"properties\":{\"insertKeys\":{\"title\":\"Columns\",\"type\":\"string\"},\"insertValues\":{\"title\":\"Values\",\"type\":\"string\"}}}","name":"Convert JSON to MySQL Multiple Insert String","icon":"node-js","type":"advance-logic-nodejs","created_by":"flf2a08e4486d3598dde0c4c","tenant_uid":"fl2b42ed0866e2e730eea7d5","project_uid":"fla99ceaa7a341766a62ba3a","env_uid":"fld3564a9956ab7306c64a79","uid":"flbcd35696e52ff9ca4164eb","position":{"x":4031,"y":4022},"id":"ga55","next":["gca52"],"prev":["gca51"],"group":"a5","original_label":"Convert JSON to MySQL Multiple Insert String","label":"Convert JSON to MySQL Multiple Insert String","version":"v1","hasError":false},{"category":"service","published":true,"hide_settings":false,"marketing_category":["productivity"],"uid":"fla47f52d8bf6b23123fc04a","name":"mysql-query-execute","input":"{\"title\":\"MySQL Query\",\"type\":\"object\",\"properties\":{\"connection\":{\"title\":\"MySQL Connection\",\"type\":\"string\",\"minLength\":1,\"connection\":\"mysql\"},\"query\":{\"title\":\"Query\",\"type\":\"string\",\"format\":\"textarea\",\"description\":\"Please enter SQL query to perform operation\",\"minLength\":1}}}","output":"{\"title\":\"output\",\"type\":\"object\",\"properties\":{\"result\":{\"title\":\"result\",\"type\":\"array\"}}}","usage":{"html":"Service to perform sql operation","link":{"title":"Doc Link","href":"http://flowdocs.built.io/services/mysql/activities/execute-mysql-query"}},"version":"v1","icon":"mysql","act_type":"default","title":"Execute MySQL Query","provider":"MySQL","type":"mysql-query-execute","label":"Execute MySQL Query","id":"ga54","prev":["gca52"],"next":["gca53"],"position":{"x":4226,"y":4022},"group":"a5","hasError":false,"original_label":"Execute MySQL Query"}],"features":{"retry":{"enable":false,"max_attempts":3},"checkpoint":{"enable":false}},"mask":{"input":{"a2":[],"a3":[],"a4":[],"ga50":[],"ga51":[],"ga52":[],"ga53":[],"ga54":[],"ga55":[]},"output":{"a2":[],"a3":[],"a4":[],"ga50":[],"ga51":[],"ga52":[],"ga53":[],"ga54":[],"ga55":[]}},"uid":"fld530fea72b3f5a292ee739","refid":"1Bu4sQcmeY","description":"","tags":[],"webhook_settings":{"auth_type":"user_auth","webhook_auth":{"type":"basic","auth":{"user_name":"sysadminX","password":"Manage20!9$"}},"webhook_token":{"type":"authtoken","auth":{"token":""}},"show_auth":true,"url_execution":true},"config_data":[{"embed":false,"activity_id":"start","flow_version":7},{"embed":false,"action_data":{"or":[]},"activity_id":"gca51","type":"action_data","flow_version":7},{"embed":false,"action_data":{"or":[],"$input_expre$$ion":[],"$lookup_label$$":{}},"activity_id":"c3","name":"condition","type":"action_data","flow_version":7},{"embed":false,"action_data":{"or":[]},"activity_id":"gca52","type":"action_data","flow_version":7},{"embed":false,"action_data":{"or":[]},"activity_id":"c5","type":"action_data","flow_version":7},{"embed":false,"action_data":{"or":[]},"activity_id":"c0","type":"action_data","flow_version":7},{"embed":false,"action_data":{"logs":["Input decoded..."],"$input_expre$$ion":[],"$lookup_label$$":{}},"activity_id":"a2","name":"devtools-logger","type":"action_data","flow_version":7},{"embed":false,"action_data":{"or":[]},"activity_id":"c2","type":"action_data","flow_version":7},{"embed":false,"action_data":{"or":[]},"activity_id":"gca53","type":"action_data","flow_version":7},{"embed":false,"action_data":{"or":[]},"activity_id":"c4","type":"action_data","flow_version":7},{"embed":false,"action_data":{"_$act":["ga54","ga55"],"loop":"foreach","condition":{"foreach":"{{$transform.t3.output}}"},"_$pos":{"height":0,"width":0}},"activity_id":"a5","name":"group","type":"action_data","flow_version":7},{"embed":false,"action_data":{"csv":"{{$transform.t2.value}}","delimiter":",","quote":"","header":true,"$input_expre$$ion":[],"$lookup_label$$":{}},"activity_id":"a3","name":"devtools-csv2json-convert","type":"action_data","flow_version":7},{"embed":false,"action_data":{"inputArray":"{{$a5.currentItem}}","inColumns":"id,created,ts,creator,clientnr","$input_expre$$ion":[],"$lookup_label$$":{}},"activity_id":"ga55","name":"Convert JSON to MySQL Multiple Insert String","type":"action_data","flow_version":7},{"embed":false,"action_data":{"logs":["Chunk to process big array... \nITEMS = {{$transform.t6.size}}\nCHUNKS = {{$request.body.chunks}}"],"$input_expre$$ion":[],"$lookup_label$$":{}},"activity_id":"a4","name":"devtools-logger","type":"action_data","flow_version":7},{"embed":false,"action_data":{"connection":"{{$config.connection.uconnc881b3c627fc62107baee677368adc593287580b.handle}}","_connection":"{{$config.connection.uconnc881b3c627fc62107baee677368adc593287580b}}","query":"INSERT INTO {{$request.body.tablename}} {{$ga55.insertKeys}}  VALUES {{$ga55.insertValues}}","$input_expre$$ion":[],"$lookup_label$$":{}},"activity_id":"ga54","name":"mysql-query-execute","type":"action_data","flow_version":7},{"embed":false,"type":"connection","activity_id":"ga54","action":"Execute MySQL Query","service":"MySQL","provider":"mysql","version":"v1","name":"MySQL_1","connection":"uconnc881b3c627fc62107baee677368adc593287580b","flow_version":7}],"custom_connector":[]}}