{"name":"Cumulocity to AWS S3","description":"<p>Takes a Alert from Cumulocity and send the raw Data to an AWS S3 bucket.</p>","template_schema":{"type":"object","title":"","properties":{"3f1dd61df74ff372cc215315128c24f1":{"title":"Connect to Amazon Web Services","type":"string","connection":"aws","minLength":1,"propertyOrder":1,"__icon":"aws","__path":[["1g5YiIFrKM","a0","AwsSdkRef"]]},"8c6ec17f477bdfc5a0903adf1cfda615":{"title":"Region","type":"string","description":"Select the region of the S3 bucket from where the file is uploaded","propertyOrder":2,"enum":["us-west-1","us-west-2","us-east-1","ap-northeast-1","ap-southeast-1","ap-southeast-2","eu-central-1","eu-west-1","sa-east-1"],"__icon":"aws","__path":[["1g5YiIFrKM","a0","Region"]]},"ce0069ee867f9995120724cf5b347b9b":{"title":"Bucket Name","description":"Enter the name of the bucket in which you want to upload the file","type":"string","minLength":1,"propertyOrder":3,"lookup":{"id":"a1","service":"aws-s3","auth":"connection","dependencies":["AwsSdkRef","Region"],"__dependencies":[{"key":"AwsSdkRef","path":"3f1dd61df74ff372cc215315128c24f1"},{"key":"Region","path":"8c6ec17f477bdfc5a0903adf1cfda615"}]},"__icon":"aws","__path":[["1g5YiIFrKM","a0","Bucket"]]},"f865fdc66a0c3136800f599b83e0516d":{"type":"string","title":"Connect to Cumulocity","minLength":1,"connection":"cumulocity_v3","propertyOrder":4,"__icon":"cumulocity","__path":[["1g5YiIFrKM","trigger","auth"]]}}},"icons":["cumulocity","aws"],"connectors":["Cumulocity","Amazon Web Services"],"flow_params":[],"project_params":[],"recipeVersion":1,"flow":{"_id":"5d1230bf31af8900806bcedf","configurations":{"debugger":false,"live_visualization":true,"container_size":256,"canvas_settings":{"zoom":0.8,"top":-8273,"left":-7648},"is_webhook":false,"is_webhook_auth":false,"params":[]},"trigger":{"icon":"cumulocity","active":false,"handlers":[{"_id":"5d1231d838831d007a9de449","handlers":[],"inactive_handlers":["fl45c4606217c6c0c9a59dc4"],"active":false,"interval":300000,"type":"listener","stop_at":0,"locked":false,"is_mock_updated":true,"provider":"cumulocity-v3","label":"Major Trigger","created_by":"flf08d4cfce6f7d74cc343c6","tenant_uid":"flef6d866bc52d796c26162a","env_uid":"fl7476cd47898fd2569c6ff1","project_uid":"fl101079d314ca3fbb8a8182","data":{"event":"Alarm","deviceId":"6500","event_type":"Alarm","auth":"uconn2f9a2a1c368ad77e62bfada86f3bce60499d4628","_connection":"{{$config.connection.uconn2f9a2a1c368ad77e62bfada86f3bce60499d4628}}","customFilters":[]},"mock_data":"{\"message\":{\"severity\":\"MAJOR\",\"creationTime\":\"2019-06-25T17:20:59.132Z\",\"count\":1,\"self\":\"http://ojwebio.us.cumulocity.com/alarm/alarms/8742\",\"history\":{\"auditRecords\":[],\"self\":\"http://ojwebio.us.cumulocity.com/audit/auditRecords\"},\"source\":{\"name\":\"SAG-FFMYFANSJC67\",\"self\":\"http://ojwebio.us.cumulocity.com/inventory/managedObjects/6500\",\"id\":\"6500\"},\"time\":\"2019-06-25T17:20:59.132Z\",\"text\":\"No data received from device within required interval.\",\"type\":\"c8y_UnavailabilityAlarm\",\"status\":\"ACTIVE\",\"channel\":\"/alarms/6500\",\"realtimeAction\":\"CREATE\"}}","is_tested":true,"auth_uid":"uconn2f9a2a1c368ad77e62bfada86f3bce60499d4628","uid":"lstnr-b168ef2c-5999-4d00-af70-8984aded049e","version":"v3","title":"Cumulocity","input":"{\"type\":\"object\",\"title\":\"Select Trigger\",\"properties\":{\"auth\":{\"type\":\"string\",\"title\":\"Connect to Cumulocity\",\"minLength\":1,\"connection\":\"cumulocity_v3\",\"propertyOrder\":1},\"deviceId\":{\"type\":\"string\",\"title\":\" Device ID\",\"minLength\":1,\"description\":\"Enter the device ID for which you want to set the trigger. A device ID can be the MAC address of the network adapter, the IMEI of a mobile device, or a hardware serial number. E.g., 2480300 or * for all devices\"},\"customFilters\":{\"type\":\"array\",\"title\":\"Custom Filters\",\"items\":{\"type\":\"object\",\"title\":\"filter\",\"properties\":{\"input\":{\"type\":\"string\",\"title\":\"Input\",\"minLength\":1},\"operator\":{\"type\":\"string\",\"title\":\"Condition\",\"enum\":[\"Equals\",\"Equals(Number)\",\"GreaterThan\",\"LessThan\",\"Contains\",\"DoesNotContains\",\"ObjectHasKey\",\"matches\",\"isNull\",\"isEmpty\",\"isNumber\",\"isObject\",\"isArray\",\"isBoolean\",\"isDate\",\"isUndefined\"]},\"expected\":{\"type\":\"string\",\"title\":\"Expected\",\"minLength\":1}}}}},\"oneOf\":[{\"type\":\"object\",\"title\":\"Alarm\",\"properties\":{\"event\":{\"type\":\"string\",\"enum\":[\"Alarm\"],\"options\":{\"hidden\":true}},\"event_type\":{\"minLenght\":1,\"type\":\"string\",\"title\":\"Event Type\",\"description\":\"Select the type of the event for which you want to set the trigger\",\"enum\":[\"Alarm\"],\"options\":{\"hidden\":true}}}},{\"type\":\"object\",\"title\":\"Event\",\"properties\":{\"event\":{\"type\":\"string\",\"enum\":[\"Event\"],\"options\":{\"hidden\":true}},\"event_type\":{\"minLenght\":1,\"type\":\"string\",\"title\":\"Event Type\",\"description\":\"Select the type of the event for which you want to set the trigger\",\"enum\":[\"Event\"],\"options\":{\"hidden\":true}}}},{\"type\":\"object\",\"title\":\"Measurement\",\"properties\":{\"event\":{\"type\":\"string\",\"enum\":[\"Measurement\"],\"options\":{\"hidden\":true}},\"event_type\":{\"minLenght\":1,\"type\":\"string\",\"title\":\"Event Type\",\"description\":\"Select the type of the event for which you want to set the trigger\",\"enum\":[\"Measurement\"],\"options\":{\"hidden\":true}}}}]}","event":"Alarm","auth_type":"connection","last_occurrence":1561473496353,"output":"{\"Alarm\":{\"type\":\"object\",\"properties\":{}},\"Event\":{\"type\":\"object\",\"properties\":{}},\"Measurement\":{\"type\":\"object\",\"properties\":{}}}","icon":"cumulocity","polling":false,"processorId":"61fa5321-cb05-451e-b52f-4cf205fa16c1","created_at":"2019-06-25T14:38:16.353Z","updated_at":"2019-06-25T14:38:16.353Z","event_title":"Alarm","__v":0,"instanceId":"i-00437126c35c50488"}]},"draft":false,"flow_version":1,"activity_icons":["aws"],"transform":[{"category":"string","title":"transform","name":"concat","input":{"type":"object","title":"Concat","description":"Short description","properties":{"strings":{"type":"array","title":"Strings","description":"Specify the strings to concat","minItems":2,"items":{"type":"string","title":"String"},"propertyOrder":1,"minLength":1}}},"output":{"title":"output","type":"object","properties":{"value":{"title":"value","type":"string","displayTitle":"Value","description":"Concatenated string"}}},"data":{"strings":["{{$trigger.id}}","_@_","{{$trigger.time}}",".txt"]},"id":"t1","action_id":"a0","icon":"transform","label":"Concat","description":"Merge all the string provided"},{"category":"date","title":"filename","name":"getCurrentDateString","input":{"type":"object","title":"Get Current Date String","description":"Short description","properties":{"pattern":{"type":"string","title":"Pattern","description":"String Format in which the specified date is (for example, YYYY-MM-DD HH:mm:ss.SSS Z).","propertyOrder":1},"locale":{"type":"string","title":"Locale","description":"Specify the locale in which the date should be represented, by default locale is 'en'","propertyOrder":2},"timezone":{"type":"string","title":"Timezone","description":"Specify the timezone in which the date should be represented (Example - America/Los_Angeles), by defualt GMT","propertyOrder":3}}},"output":{"title":"output","type":"object","properties":{"value":{"title":"value","type":"string","displayTitle":"Value","description":"Date in specified format"}}},"data":{"pattern":"","locale":"","timezone":""},"id":"t2","action_id":"a0","icon":"transform","label":"Get Current Date String","description":"Provide current date in the specified format"}],"name":"Untitled Workflow","project_uid":"fl101079d314ca3fbb8a8182","tenant_uid":"flef6d866bc52d796c26162a","action_schema":[{"id":"stop","type":"stop","label":"Stop","position":{"x":1131.25,"y":213},"category":"special","help":"End point of Flow","next":null,"prev":["c1"],"output":[]},{"id":"start","type":"start","label":"Start","position":{"x":150,"y":200.5},"category":"special","help":"Start point of Flow","next":["c0"],"prev":null,"output":[],"start":true,"original_label":"Start"},{"category":"default","published":false,"hide_settings":false,"marketing_category":[],"uid":"act5b9c11c345c41102bf02a5","name":"condition","input":"{\"title\":\"Condition Activity\",\"description\":\"Only flow continue when\",\"type\":\"object\",\"properties\":{\"or\":{\"type\":\"array\",\"title\":\"Conditions\",\"items\":{\"type\":\"object\",\"title\":\"Condition\",\"properties\":{\"and\":{\"type\":\"array\",\"title\":\"Filters\",\"items\":{\"type\":\"object\",\"title\":\"Filter\",\"format\":\"table\",\"properties\":{\"input\":{\"type\":\"string\",\"title\":\"Input\",\"minLength\":1},\"operator\":{\"title\":\"Condition\",\"description\":\"Select proper condition\",\"type\":\"string\",\"enum\":[\"(Text) Matches\",\"(Text) Exactly Matches\",\"(Text) Does Not Match\",\"(Text) Does Not Exactly Match\",\"(Text) Contains\",\"(Text) Does Not Contain\",\"(Text) Starts With\",\"(Text) Does Not Start With\",\"(Text) Ends With\",\"(Text) Does Not End With\",\"(Text) Is Alphanumeric\",\"(Text) Is Empty\",\"(Number) Equals\",\"(Number) Not Equals\",\"(Number) Greater Than\",\"(Number) Greater Than Equals\",\"(Number) Less Than\",\"(Number) Less Than Equals\",\"(Number) Is Negative\",\"(Number) Is Positive\",\"(Date/Time) Equals\",\"(Date/Time) Less Than\",\"(Date/Time) Less Than Equals\",\"(Date/Time) Greater Than\",\"(Date/Time) Greater Than Equals\",\"(Array) Length Equals\",\"(Array) Length Does Not Equals\",\"(Array) Length Less Than\",\"(Array) Length Less Than Equals\",\"(Array) Length Greater Than\",\"(Array) Length Greater Than Equals\",\"(Array) Is Empty\",\"(Array) Contains All Object\",\"(Array) Contains All String\",\"(Array) Contains All Number\",\"(Array) Contains All Object And Has This Property\",\"(Object) Has Property\",\"(Object) Does Not Have Property\",\"(Object) Is Empty\",\"(Regex) Match Pattern\",\"(Boolean) Is Value True\",\"(Boolean) Is Value False\",\"(Input) Exists\",\"(Input) Does Not Exist\",\"(Input) Is Null\",\"(Input) Is String\",\"(Input) Is Number\",\"(Input) Is Date\",\"(Input) Is An Array\",\"(Input) Is An Object\",\"(Input) Is Boolean\",\"(Input) Data Type Is\"]},\"expected\":{\"type\":\"string\",\"title\":\"Expected\",\"description\":\"Value you are expecting, default value is true incase of condition start with Is\"}}}}}}}}}","output":"{\"title\":\"output\",\"type\":\"object\",\"properties\":{\"fields\":{\"type\":\"array\",\"title\":\"fields\",\"items\":{\"type\":\"object\"}},\"error\":{\"type\":\"string\",\"title\":\"error\"}}}","usage":{"html":"Allows you to check conditions.","link":{"title":"Help","href":"https://flowdocs.built.io/concepts/conditions"}},"version":"v3","icon":"condition","act_type":"default","title":"Condition","provider":"Internal Only","next":["a0"],"prev":["start"],"id":"c0","type":"condition","label":"condition","datsetConnectionDetachableition":{},"json":"{\"title\":\"Condition Activity\",\"description\":\"Only flow continue when\",\"type\":\"object\",\"properties\":{\"or\":{\"type\":\"array\",\"title\":\"Conditions\",\"items\":{\"type\":\"object\",\"title\":\"Condition\",\"properties\":{\"and\":{\"type\":\"array\",\"title\":\"Filters\",\"items\":{\"type\":\"object\",\"title\":\"Filter\",\"format\":\"table\",\"properties\":{\"input\":{\"type\":\"string\",\"title\":\"Input\",\"minLength\":1},\"operator\":{\"title\":\"Condition\",\"description\":\"Select proper condition\",\"type\":\"string\",\"enum\":[\"(Text) Matches\",\"(Text) Exactly Matches\",\"(Text) Does Not Match\",\"(Text) Does Not Exactly Match\",\"(Text) Contains\",\"(Text) Does Not Contain\",\"(Text) Starts With\",\"(Text) Does Not Start With\",\"(Text) Ends With\",\"(Text) Does Not End With\",\"(Text) Is Alphanumeric\",\"(Text) Is Empty\",\"(Number) Equals\",\"(Number) Not Equals\",\"(Number) Greater Than\",\"(Number) Greater Than Equals\",\"(Number) Less Than\",\"(Number) Less Than Equals\",\"(Number) Is Negative\",\"(Number) Is Positive\",\"(Date/Time) Equals\",\"(Date/Time) Less Than\",\"(Date/Time) Less Than Equals\",\"(Date/Time) Greater Than\",\"(Date/Time) Greater Than Equals\",\"(Array) Length Equals\",\"(Array) Length Does Not Equals\",\"(Array) Length Less Than\",\"(Array) Length Less Than Equals\",\"(Array) Length Greater Than\",\"(Array) Length Greater Than Equals\",\"(Array) Is Empty\",\"(Array) Contains All Object\",\"(Array) Contains All String\",\"(Array) Contains All Number\",\"(Array) Contains All Object And Has This Property\",\"(Object) Has Property\",\"(Object) Does Not Have Property\",\"(Object) Is Empty\",\"(Regex) Match Pattern\",\"(Boolean) Is Value True\",\"(Boolean) Is Value False\",\"(Input) Exists\",\"(Input) Does Not Exist\",\"(Input) Is Null\",\"(Input) Is String\",\"(Input) Is Number\",\"(Input) Is Date\",\"(Input) Is An Array\",\"(Input) Is An Object\",\"(Input) Is Boolean\",\"(Input) Data Type Is\"]},\"expected\":{\"type\":\"string\",\"title\":\"Expected\",\"description\":\"Value you are expecting, default value is true incase of condition start with Is\"}}}}}}}}}"},{"category":"default","published":false,"hide_settings":false,"marketing_category":[],"uid":"act5b9c11c345c41102bf02a5","name":"condition","input":"{\"title\":\"Condition Activity\",\"description\":\"Only flow continue when\",\"type\":\"object\",\"properties\":{\"or\":{\"type\":\"array\",\"title\":\"Conditions\",\"items\":{\"type\":\"object\",\"title\":\"Condition\",\"properties\":{\"and\":{\"type\":\"array\",\"title\":\"Filters\",\"items\":{\"type\":\"object\",\"title\":\"Filter\",\"format\":\"table\",\"properties\":{\"input\":{\"type\":\"string\",\"title\":\"Input\",\"minLength\":1},\"operator\":{\"title\":\"Condition\",\"description\":\"Select proper condition\",\"type\":\"string\",\"enum\":[\"(Text) Matches\",\"(Text) Exactly Matches\",\"(Text) Does Not Match\",\"(Text) Does Not Exactly Match\",\"(Text) Contains\",\"(Text) Does Not Contain\",\"(Text) Starts With\",\"(Text) Does Not Start With\",\"(Text) Ends With\",\"(Text) Does Not End With\",\"(Text) Is Alphanumeric\",\"(Text) Is Empty\",\"(Number) Equals\",\"(Number) Not Equals\",\"(Number) Greater Than\",\"(Number) Greater Than Equals\",\"(Number) Less Than\",\"(Number) Less Than Equals\",\"(Number) Is Negative\",\"(Number) Is Positive\",\"(Date/Time) Equals\",\"(Date/Time) Less Than\",\"(Date/Time) Less Than Equals\",\"(Date/Time) Greater Than\",\"(Date/Time) Greater Than Equals\",\"(Array) Length Equals\",\"(Array) Length Does Not Equals\",\"(Array) Length Less Than\",\"(Array) Length Less Than Equals\",\"(Array) Length Greater Than\",\"(Array) Length Greater Than Equals\",\"(Array) Is Empty\",\"(Array) Contains All Object\",\"(Array) Contains All String\",\"(Array) Contains All Number\",\"(Array) Contains All Object And Has This Property\",\"(Object) Has Property\",\"(Object) Does Not Have Property\",\"(Object) Is Empty\",\"(Regex) Match Pattern\",\"(Boolean) Is Value True\",\"(Boolean) Is Value False\",\"(Input) Exists\",\"(Input) Does Not Exist\",\"(Input) Is Null\",\"(Input) Is String\",\"(Input) Is Number\",\"(Input) Is Date\",\"(Input) Is An Array\",\"(Input) Is An Object\",\"(Input) Is Boolean\",\"(Input) Data Type Is\"]},\"expected\":{\"type\":\"string\",\"title\":\"Expected\",\"description\":\"Value you are expecting, default value is true incase of condition start with Is\"}}}}}}}}}","output":"{\"title\":\"output\",\"type\":\"object\",\"properties\":{\"fields\":{\"type\":\"array\",\"title\":\"fields\",\"items\":{\"type\":\"object\"}},\"error\":{\"type\":\"string\",\"title\":\"error\"}}}","usage":{"html":"Allows you to check conditions.","link":{"title":"Help","href":"https://flowdocs.built.io/concepts/conditions"}},"version":"v3","icon":"condition","act_type":"default","title":"Condition","provider":"Internal Only","next":["stop"],"prev":["a0"],"id":"c1","type":"condition","label":"condition","datsetConnectionDetachableition":{},"json":"{\"title\":\"Condition Activity\",\"description\":\"Only flow continue when\",\"type\":\"object\",\"properties\":{\"or\":{\"type\":\"array\",\"title\":\"Conditions\",\"items\":{\"type\":\"object\",\"title\":\"Condition\",\"properties\":{\"and\":{\"type\":\"array\",\"title\":\"Filters\",\"items\":{\"type\":\"object\",\"title\":\"Filter\",\"format\":\"table\",\"properties\":{\"input\":{\"type\":\"string\",\"title\":\"Input\",\"minLength\":1},\"operator\":{\"title\":\"Condition\",\"description\":\"Select proper condition\",\"type\":\"string\",\"enum\":[\"(Text) Matches\",\"(Text) Exactly Matches\",\"(Text) Does Not Match\",\"(Text) Does Not Exactly Match\",\"(Text) Contains\",\"(Text) Does Not Contain\",\"(Text) Starts With\",\"(Text) Does Not Start With\",\"(Text) Ends With\",\"(Text) Does Not End With\",\"(Text) Is Alphanumeric\",\"(Text) Is Empty\",\"(Number) Equals\",\"(Number) Not Equals\",\"(Number) Greater Than\",\"(Number) Greater Than Equals\",\"(Number) Less Than\",\"(Number) Less Than Equals\",\"(Number) Is Negative\",\"(Number) Is Positive\",\"(Date/Time) Equals\",\"(Date/Time) Less Than\",\"(Date/Time) Less Than Equals\",\"(Date/Time) Greater Than\",\"(Date/Time) Greater Than Equals\",\"(Array) Length Equals\",\"(Array) Length Does Not Equals\",\"(Array) Length Less Than\",\"(Array) Length Less Than Equals\",\"(Array) Length Greater Than\",\"(Array) Length Greater Than Equals\",\"(Array) Is Empty\",\"(Array) Contains All Object\",\"(Array) Contains All String\",\"(Array) Contains All Number\",\"(Array) Contains All Object And Has This Property\",\"(Object) Has Property\",\"(Object) Does Not Have Property\",\"(Object) Is Empty\",\"(Regex) Match Pattern\",\"(Boolean) Is Value True\",\"(Boolean) Is Value False\",\"(Input) Exists\",\"(Input) Does Not Exist\",\"(Input) Is Null\",\"(Input) Is String\",\"(Input) Is Number\",\"(Input) Is Date\",\"(Input) Is An Array\",\"(Input) Is An Object\",\"(Input) Is Boolean\",\"(Input) Data Type Is\"]},\"expected\":{\"type\":\"string\",\"title\":\"Expected\",\"description\":\"Value you are expecting, default value is true incase of condition start with Is\"}}}}}}}}}"},{"label":"S3 Upload File","usage":{"html":"AWS S3 upload file in a Bucket","link":{"title":"Doc link","href":"https://flowdocs.built.io/activity/aws/aws-s3-upload-file"}},"icon":"aws","act_type":"default","provider":"Amazon Web Services","category":"service","position":{"x":613,"y":228.5},"type":"aws-s3-uploadfile","id":"a0","next":["c1"],"prev":["c0"],"hasError":false,"original_label":"Amazon Web Services","published":true,"hide_settings":false,"marketing_category":["devops","featured"],"uid":"actdb7884c0eb5f54cd3155cf","name":"aws-s3-uploadfile","input":"{\"title\":\"Upload File\",\"type\":\"object\",\"properties\":{\"AwsSdkRef\":{\"title\":\"Connect to Amazon Web Services\",\"type\":\"string\",\"connection\":\"aws\",\"minLength\":1,\"propertyOrder\":1},\"Bucket\":{\"title\":\"Bucket Name\",\"description\":\"Enter the name of the bucket in which you want to upload the file\",\"type\":\"string\",\"minLength\":1,\"propertyOrder\":2,\"lookup\":{\"id\":\"a1\",\"service\":\"aws-s3\",\"auth\":\"connection\",\"dependencies\":[\"AwsSdkRef\",\"Region\"]}},\"Key\":{\"title\":\"File Name\",\"description\":\" Enter the name by which you want to save the uploaded file in S3 bucket\",\"type\":\"string\",\"minLength\":1,\"propertyOrder\":3},\"ACL\":{\"title\":\"ACL\",\"type\":\"string\",\"description\":\"Select the access permission you want to apply to the uploaded file\",\"propertyOrder\":4,\"enum\":[\"public-read\",\"private\",\"public-read-write\",\"authenticated-read\",\"bucket-owner-read\",\"bucket-owner-full-control\"]},\"Region\":{\"title\":\"Region\",\"type\":\"string\",\"description\":\"Select the region of the S3 bucket from where the file is uploaded\",\"propertyOrder\":5,\"enum\":[\"us-west-1\",\"us-west-2\",\"us-east-1\",\"ap-northeast-1\",\"ap-southeast-1\",\"ap-southeast-2\",\"eu-central-1\",\"eu-west-1\",\"sa-east-1\"]},\"ContentType\":{\"title\":\"Content Type\",\"description\":\"Enter the format of the file you want to upload. E.g., application/json\",\"type\":\"string\"},\"Metadata\":{\"type\":\"array\",\"format\":\"table\",\"description\":\"Provide the key-value pair for the metadata of the file you want to upload\",\"title\":\"Metadata\",\"items\":{\"type\":\"object\",\"title\":\"Metadata\",\"properties\":{\"Key\":{\"title\":\"Key\",\"type\":\"string\",\"description\":\"Enter the name of the key for the metadata you want to add\",\"minLength\":1},\"Value\":{\"title\":\"Value\",\"description\":\"Enter the metadata for the specified key\",\"type\":\"string\",\"minLength\":1}}}},\"additionalFields\":{\"type\":\"array\",\"description\":\"Provide the key-value pair for the additional field of the file you want to upload\",\"title\":\"Additional Fields\",\"items\":{\"type\":\"object\",\"title\":\"Additional Field\",\"properties\":{\"Key\":{\"title\":\"Key\",\"type\":\"string\",\"description\":\"Enter the object key of the file you want to upload. E.g., content length, content language, content disposition. Click <a target='_blank' href='https://docs.aws.amazon.com/AWSJavaScriptSDK/latest/AWS/S3.html#putObject-property'> here</a> to know more\",\"minLength\":1},\"Value\":{\"title\":\"Value\",\"description\":\"Enter the value for the specified key\",\"type\":\"string\",\"minLength\":1},\"Type\":{\"title\":\"Data Type\",\"description\":\"Select the data type for the specified value\",\"type\":\"string\",\"enum\":[\"String\",\"Number\",\"Boolean\"]}}}},\"selectsource\":{\"title\":\"File Source\",\"description\":\"Select the source of the file from where you want to upload the file\",\"type\":\"object\",\"propertyOrder\":6,\"oneOf\":[{\"title\":\"Content\",\"properties\":{\"method\":{\"type\":\"string\",\"readonly\":true,\"options\":{\"hidden\":true},\"enum\":[\"localContent\"]},\"content\":{\"type\":\"string\",\"title\":\"Raw Data\",\"description\":\"Enter the content of the file you want to upload. The content of the file can be an integer or a string. E.g., Johndoe123\",\"format\":\"textarea\",\"minLength\":1}}},{\"title\":\"From Stream\",\"properties\":{\"method\":{\"type\":\"string\",\"readonly\":true,\"options\":{\"hidden\":true},\"enum\":[\"localStream\"]},\"stream\":{\"type\":\"string\",\"title\":\"Stream Reference\",\"description\":\"Enter the ‘.stream’ output key parameter of ‘Open Readable File Stream’ action as an input to this field\",\"minLength\":1}}},{\"title\":\"Web\",\"properties\":{\"method\":{\"type\":\"string\",\"readonly\":true,\"options\":{\"hidden\":true},\"enum\":[\"web\"]},\"web\":{\"type\":\"string\",\"title\":\"File URL\",\"description\":\"Enter the public URL of the file you want to upload\"}}}]}}}","output":"{\"type\":\"object\",\"properties\":{\"ETag\":{\"type\":\"string\",\"title\":\"ETag\",\"displayTitle\":\"ETag\"},\"AcceptRanges\":{\"type\":\"string\",\"title\":\"AcceptRanges\",\"displayTitle\":\"Accept Ranges\"},\"ContentType\":{\"type\":\"string\",\"title\":\"ContentType\",\"displayTitle\":\"Content Type\"},\"Metadata\":{\"type\":\"object\",\"title\":\"Metadata\",\"displayTitle\":\"Metadata\"}}}","version":"v5","title":"S3 Upload File"}],"uid":"fl45c4606217c6c0c9a59dc4","refid":"1g5YiIFrKM","features":{"retry":{"enable":false,"max_attempts":3},"checkpoint":{"enable":false}},"mask":{"input":{"a0":[]},"output":{"a0":[]}},"description":"","tags":[],"webhook_settings":{"show_auth":false,"auth_type":"user_auth","webhook_auth":{"type":"basic","auth":{"user_name":"","password":""}},"webhook_token":{"type":"authtoken","auth":{"token":""}}},"config_data":[{"type":"connection","activity_id":"a0","action":"S3 Upload File","service":"AWS","provider":"aws","version":"v5","name":"AWS #1","connection":"uconn0de36b4761a9dd07a4a7116e7c9d207c17da998e","flow_version":1},{"type":"connection","activity_id":"start","action":"Start","service":"Cumulocity","provider":"cumulocity_v3","name":"Cumulocity #1","trigger":"lstnr-b168ef2c-5999-4d00-af70-8984aded049e","connection":"uconn2f9a2a1c368ad77e62bfada86f3bce60499d4628","flow_version":1},{"action_data":{"or":[]},"activity_id":"c0","type":"action_data","flow_version":1},{"action_data":{"or":[]},"activity_id":"c1","type":"action_data","flow_version":1},{"action_data":{"AwsSdkRef":"{{$config.connection.uconn0de36b4761a9dd07a4a7116e7c9d207c17da998e.handle}}","_connection":"{{$config.connection.uconn0de36b4761a9dd07a4a7116e7c9d207c17da998e}}","Bucket":"ojs3","Key":"{{$trigger.message.source.id}}_@_{{$trigger.message.creationTime}}.txt","ACL":"public-read","Region":"us-east-1","selectsource":{"method":"localContent","content":"{{$trigger.message.severity}} Alert for {{$trigger.message.source.id}} at {{$trigger.message.creationTime}} additional information: \n{{$trigger.message}}"},"ContentType":"text/plain","Metadata":[],"additionalFields":[],"$input_expre$$ion":[],"$lookup_label$$":{}},"activity_id":"a0","type":"action_data","flow_version":1}],"custom_connector":[]}}