{"name":"ConvertXMLToJSON&amp;JSONToXML","description":"<p>This workflow has the example of converting an XML to JSON and also JSON to XML</p>","template_schema":{"type":"object","title":"","properties":{}},"icons":["xml-json","json-xml"],"connectors":["Transform"],"flow_params":[],"project_params":[],"recipeVersion":1,"flow":{"_id":"5d0ce9cce374f7008072edb2","configurations":{"debugger":false,"live_visualization":true,"container_size":256,"canvas_settings":{"zoom":0.8,"top":-8335,"left":-7893},"is_webhook":false,"is_webhook_auth":false,"params":[]},"trigger":{"active":false,"handlers":[]},"draft":false,"flow_version":1,"activity_icons":["xml-json","json-xml"],"transform":[],"name":"ConvertXMLToJSON&JSONToXML","project_uid":"fl25382c68378c7be8681533","tenant_uid":"fl08ff2ed6fd630fb82c6d73","action_schema":[{"id":"start","type":"start","label":"Start","position":{"x":153.75,"y":107},"category":"special","help":"Start point of Flow","next":["c9"],"prev":null,"output":[],"start":true},{"id":"stop","type":"stop","label":"Stop","position":{"x":1052.5,"y":143},"category":"special","help":"End point of Flow","next":null,"prev":["c12"],"output":[]},{"category":"default","published":false,"hide_settings":false,"marketing_category":[],"uid":"act5b9c11c345c41102bf02a5","name":"condition","input":"{\"title\":\"Condition Activity\",\"description\":\"Only flow continue when\",\"type\":\"object\",\"properties\":{\"or\":{\"type\":\"array\",\"title\":\"Conditions\",\"items\":{\"type\":\"object\",\"title\":\"Condition\",\"properties\":{\"and\":{\"type\":\"array\",\"title\":\"Filters\",\"items\":{\"type\":\"object\",\"title\":\"Filter\",\"format\":\"table\",\"properties\":{\"input\":{\"type\":\"string\",\"title\":\"Input\",\"minLength\":1},\"operator\":{\"title\":\"Condition\",\"description\":\"Select proper condition\",\"type\":\"string\",\"enum\":[\"(Text) Matches\",\"(Text) Exactly Matches\",\"(Text) Does Not Match\",\"(Text) Does Not Exactly Match\",\"(Text) Contains\",\"(Text) Does Not Contain\",\"(Text) Starts With\",\"(Text) Does Not Start With\",\"(Text) Ends With\",\"(Text) Does Not End With\",\"(Text) Is Alphanumeric\",\"(Text) Is Empty\",\"(Number) Equals\",\"(Number) Not Equals\",\"(Number) Greater Than\",\"(Number) Greater Than Equals\",\"(Number) Less Than\",\"(Number) Less Than Equals\",\"(Number) Is Negative\",\"(Number) Is Positive\",\"(Date/Time) Equals\",\"(Date/Time) Less Than\",\"(Date/Time) Less Than Equals\",\"(Date/Time) Greater Than\",\"(Date/Time) Greater Than Equals\",\"(Array) Length Equals\",\"(Array) Length Does Not Equals\",\"(Array) Length Less Than\",\"(Array) Length Less Than Equals\",\"(Array) Length Greater Than\",\"(Array) Length Greater Than Equals\",\"(Array) Is Empty\",\"(Array) Contains All Object\",\"(Array) Contains All String\",\"(Array) Contains All Number\",\"(Array) Contains All Object And Has This Property\",\"(Object) Has Property\",\"(Object) Does Not Have Property\",\"(Object) Is Empty\",\"(Regex) Match Pattern\",\"(Boolean) Is Value True\",\"(Boolean) Is Value False\",\"(Input) Exists\",\"(Input) Does Not Exist\",\"(Input) Is Null\",\"(Input) Is String\",\"(Input) Is Number\",\"(Input) Is Date\",\"(Input) Is An Array\",\"(Input) Is An Object\",\"(Input) Is Boolean\",\"(Input) Data Type Is\"]},\"expected\":{\"type\":\"string\",\"title\":\"Expected\",\"description\":\"Value you are expecting, default value is true incase of condition start with Is\"}}}}}}}}}","output":"{\"title\":\"output\",\"type\":\"object\",\"properties\":{\"fields\":{\"type\":\"array\",\"title\":\"fields\",\"items\":{\"type\":\"object\"}},\"error\":{\"type\":\"string\",\"title\":\"error\"}}}","usage":{"html":"Allows you to check conditions.","link":{"title":"Help","href":"https://flowdocs.built.io/concepts/conditions"}},"version":"v3","icon":"condition","act_type":"default","title":"Condition","provider":"Internal Only","next":["a0"],"prev":["start"],"id":"c9","type":"condition","label":"condition","datsetConnectionDetachableition":{},"json":"{\"title\":\"Condition Activity\",\"description\":\"Only flow continue when\",\"type\":\"object\",\"properties\":{\"or\":{\"type\":\"array\",\"title\":\"Conditions\",\"items\":{\"type\":\"object\",\"title\":\"Condition\",\"properties\":{\"and\":{\"type\":\"array\",\"title\":\"Filters\",\"items\":{\"type\":\"object\",\"title\":\"Filter\",\"format\":\"table\",\"properties\":{\"input\":{\"type\":\"string\",\"title\":\"Input\",\"minLength\":1},\"operator\":{\"title\":\"Condition\",\"description\":\"Select proper condition\",\"type\":\"string\",\"enum\":[\"(Text) Matches\",\"(Text) Exactly Matches\",\"(Text) Does Not Match\",\"(Text) Does Not Exactly Match\",\"(Text) Contains\",\"(Text) Does Not Contain\",\"(Text) Starts With\",\"(Text) Does Not Start With\",\"(Text) Ends With\",\"(Text) Does Not End With\",\"(Text) Is Alphanumeric\",\"(Text) Is Empty\",\"(Number) Equals\",\"(Number) Not Equals\",\"(Number) Greater Than\",\"(Number) Greater Than Equals\",\"(Number) Less Than\",\"(Number) Less Than Equals\",\"(Number) Is Negative\",\"(Number) Is Positive\",\"(Date/Time) Equals\",\"(Date/Time) Less Than\",\"(Date/Time) Less Than Equals\",\"(Date/Time) Greater Than\",\"(Date/Time) Greater Than Equals\",\"(Array) Length Equals\",\"(Array) Length Does Not Equals\",\"(Array) Length Less Than\",\"(Array) Length Less Than Equals\",\"(Array) Length Greater Than\",\"(Array) Length Greater Than Equals\",\"(Array) Is Empty\",\"(Array) Contains All Object\",\"(Array) Contains All String\",\"(Array) Contains All Number\",\"(Array) Contains All Object And Has This Property\",\"(Object) Has Property\",\"(Object) Does Not Have Property\",\"(Object) Is Empty\",\"(Regex) Match Pattern\",\"(Boolean) Is Value True\",\"(Boolean) Is Value False\",\"(Input) Exists\",\"(Input) Does Not Exist\",\"(Input) Is Null\",\"(Input) Is String\",\"(Input) Is Number\",\"(Input) Is Date\",\"(Input) Is An Array\",\"(Input) Is An Object\",\"(Input) Is Boolean\",\"(Input) Data Type Is\"]},\"expected\":{\"type\":\"string\",\"title\":\"Expected\",\"description\":\"Value you are expecting, default value is true incase of condition start with Is\"}}}}}}}}}"},{"category":"utilities","published":true,"hide_settings":false,"marketing_category":[],"uid":"act3f3b78273607fce0cff6750f31a68b87f568","input":"{\"title\":\"XML to JSON converter\",\"type\":\"object\",\"properties\":{\"xmldata\":{\"type\":\"string\",\"title\":\"XML Data\",\"format\":\"textarea\",\"minLength\":1,\"propertyOrder\":1},\"attrkey\":{\"type\":\"string\",\"title\":\"Attribute Key\",\"default\":\"$\",\"description\":\"Prefix that is used to access the attributes\",\"propertyOrder\":2},\"ignoreAttrs\":{\"type\":\"boolean\",\"title\":\"Ignore Attributes\",\"enum\":[false,true],\"default\":true,\"description\":\"Ignore all XML attributes and only create text nodes\",\"propertyOrder\":3},\"mergeAttrs\":{\"type\":\"boolean\",\"title\":\"Merge Attributes\",\"enum\":[false,true],\"default\":false,\"description\":\"Merge attributes and child elements as properties of the parent, instead of keying attributes off a child attribute object. This option is ignored if Ignore Attributes is false\",\"propertyOrder\":4},\"explicitArray\":{\"type\":\"boolean\",\"title\":\"Explicit Array\",\"enum\":[false,true],\"default\":false,\"description\":\"Always put child nodes in an array if true; otherwise an array is created only if there is more than one\",\"propertyOrder\":5},\"normalizeTags\":{\"type\":\"boolean\",\"title\":\"Normalize Tags\",\"enum\":[false,true],\"default\":true,\"description\":\"Normalize all tag names to lowercase\",\"propertyOrder\":6},\"normalize\":{\"type\":\"boolean\",\"title\":\"Trim Whitespace\",\"enum\":[false,true],\"default\":false,\"description\":\"Trim whitespaces inside text nodes\",\"propertyOrder\":7},\"stripPrefix\":{\"type\":\"boolean\",\"title\":\"Strip Namespace Prefix\",\"enum\":[true,false],\"default\":true,\"description\":\"Strips the xml namespace prefix. E.g '<foo:Bar/>' will become 'Bar'. (Note: the xmlns prefix is NOT stripped.)\",\"propertyOrder\":8},\"parseNumbers\":{\"type\":\"boolean\",\"title\":\"Parse Numbers\",\"enum\":[false,true],\"default\":false,\"description\":\"Parses integer-like strings as integers and float-like strings as floats E.g. '0' becomes 0 and '15.56' becomes 15.56\",\"propertyOrder\":9},\"parseBooleans\":{\"type\":\"boolean\",\"title\":\"Parse Booleans\",\"enum\":[false,true],\"default\":false,\"description\":\"Parses boolean-like strings to booleans E.g. 'true' becomes true and 'False' becomes false\",\"propertyOrder\":10},\"strict\":{\"type\":\"boolean\",\"title\":\"Strict Parse\",\"enum\":[true,false],\"default\":false,\"description\":\"Set sax-js to strict or non-strict parsing mode. Defaults to true which is highly recommended, since parsing HTML which is not well-formed XML might yield just about anything\",\"propertyOrder\":11}}}","name":"devtools-xml2json-convert","output":"{\"type\":\"object\",\"properties\":{\"output\":{\"title\":\"output\",\"type\":\"object\",\"displayTitle\":\"Output\"}}}","usage":{"link":{"title":"Doc link","href":"https://flowdocs.built.io/activity/developer-tools/xml-to-json-converter"},"html":"Convert XML data to JSON form"},"version":"v2","icon":"xml-json","act_type":"default","title":"XML to JSON","provider":"Transform","position":{"x":484,"y":124},"type":"devtools-xml2json-convert","id":"a0","next":["c11"],"prev":["c9"],"label":"XML to JSON","hasError":false,"original_label":"XML to JSON"},{"category":"default","published":false,"hide_settings":false,"marketing_category":[],"uid":"act5b9c11c345c41102bf02a5","name":"condition","input":"{\"title\":\"Condition Activity\",\"description\":\"Only flow continue when\",\"type\":\"object\",\"properties\":{\"or\":{\"type\":\"array\",\"title\":\"Conditions\",\"items\":{\"type\":\"object\",\"title\":\"Condition\",\"properties\":{\"and\":{\"type\":\"array\",\"title\":\"Filters\",\"items\":{\"type\":\"object\",\"title\":\"Filter\",\"format\":\"table\",\"properties\":{\"input\":{\"type\":\"string\",\"title\":\"Input\",\"minLength\":1},\"operator\":{\"title\":\"Condition\",\"description\":\"Select proper condition\",\"type\":\"string\",\"enum\":[\"(Text) Matches\",\"(Text) Exactly Matches\",\"(Text) Does Not Match\",\"(Text) Does Not Exactly Match\",\"(Text) Contains\",\"(Text) Does Not Contain\",\"(Text) Starts With\",\"(Text) Does Not Start With\",\"(Text) Ends With\",\"(Text) Does Not End With\",\"(Text) Is Alphanumeric\",\"(Text) Is Empty\",\"(Number) Equals\",\"(Number) Not Equals\",\"(Number) Greater Than\",\"(Number) Greater Than Equals\",\"(Number) Less Than\",\"(Number) Less Than Equals\",\"(Number) Is Negative\",\"(Number) Is Positive\",\"(Date/Time) Equals\",\"(Date/Time) Less Than\",\"(Date/Time) Less Than Equals\",\"(Date/Time) Greater Than\",\"(Date/Time) Greater Than Equals\",\"(Array) Length Equals\",\"(Array) Length Does Not Equals\",\"(Array) Length Less Than\",\"(Array) Length Less Than Equals\",\"(Array) Length Greater Than\",\"(Array) Length Greater Than Equals\",\"(Array) Is Empty\",\"(Array) Contains All Object\",\"(Array) Contains All String\",\"(Array) Contains All Number\",\"(Array) Contains All Object And Has This Property\",\"(Object) Has Property\",\"(Object) Does Not Have Property\",\"(Object) Is Empty\",\"(Regex) Match Pattern\",\"(Boolean) Is Value True\",\"(Boolean) Is Value False\",\"(Input) Exists\",\"(Input) Does Not Exist\",\"(Input) Is Null\",\"(Input) Is String\",\"(Input) Is Number\",\"(Input) Is Date\",\"(Input) Is An Array\",\"(Input) Is An Object\",\"(Input) Is Boolean\",\"(Input) Data Type Is\"]},\"expected\":{\"type\":\"string\",\"title\":\"Expected\",\"description\":\"Value you are expecting, default value is true incase of condition start with Is\"}}}}}}}}}","output":"{\"title\":\"output\",\"type\":\"object\",\"properties\":{\"fields\":{\"type\":\"array\",\"title\":\"fields\",\"items\":{\"type\":\"object\"}},\"error\":{\"type\":\"string\",\"title\":\"error\"}}}","usage":{"html":"Allows you to check conditions.","link":{"title":"Help","href":"https://flowdocs.built.io/concepts/conditions"}},"version":"v3","icon":"condition","act_type":"default","title":"Condition","provider":"Internal Only","next":["a5"],"prev":["a0"],"id":"c11","type":"condition","label":"condition","datsetConnectionDetachableition":{},"json":"{\"title\":\"Condition Activity\",\"description\":\"Only flow continue when\",\"type\":\"object\",\"properties\":{\"or\":{\"type\":\"array\",\"title\":\"Conditions\",\"items\":{\"type\":\"object\",\"title\":\"Condition\",\"properties\":{\"and\":{\"type\":\"array\",\"title\":\"Filters\",\"items\":{\"type\":\"object\",\"title\":\"Filter\",\"format\":\"table\",\"properties\":{\"input\":{\"type\":\"string\",\"title\":\"Input\",\"minLength\":1},\"operator\":{\"title\":\"Condition\",\"description\":\"Select proper condition\",\"type\":\"string\",\"enum\":[\"(Text) Matches\",\"(Text) Exactly Matches\",\"(Text) Does Not Match\",\"(Text) Does Not Exactly Match\",\"(Text) Contains\",\"(Text) Does Not Contain\",\"(Text) Starts With\",\"(Text) Does Not Start With\",\"(Text) Ends With\",\"(Text) Does Not End With\",\"(Text) Is Alphanumeric\",\"(Text) Is Empty\",\"(Number) Equals\",\"(Number) Not Equals\",\"(Number) Greater Than\",\"(Number) Greater Than Equals\",\"(Number) Less Than\",\"(Number) Less Than Equals\",\"(Number) Is Negative\",\"(Number) Is Positive\",\"(Date/Time) Equals\",\"(Date/Time) Less Than\",\"(Date/Time) Less Than Equals\",\"(Date/Time) Greater Than\",\"(Date/Time) Greater Than Equals\",\"(Array) Length Equals\",\"(Array) Length Does Not Equals\",\"(Array) Length Less Than\",\"(Array) Length Less Than Equals\",\"(Array) Length Greater Than\",\"(Array) Length Greater Than Equals\",\"(Array) Is Empty\",\"(Array) Contains All Object\",\"(Array) Contains All String\",\"(Array) Contains All Number\",\"(Array) Contains All Object And Has This Property\",\"(Object) Has Property\",\"(Object) Does Not Have Property\",\"(Object) Is Empty\",\"(Regex) Match Pattern\",\"(Boolean) Is Value True\",\"(Boolean) Is Value False\",\"(Input) Exists\",\"(Input) Does Not Exist\",\"(Input) Is Null\",\"(Input) Is String\",\"(Input) Is Number\",\"(Input) Is Date\",\"(Input) Is An Array\",\"(Input) Is An Object\",\"(Input) Is Boolean\",\"(Input) Data Type Is\"]},\"expected\":{\"type\":\"string\",\"title\":\"Expected\",\"description\":\"Value you are expecting, default value is true incase of condition start with Is\"}}}}}}}}}"},{"category":"default","published":false,"hide_settings":false,"marketing_category":[],"uid":"act5b9c11c345c41102bf02a5","name":"condition","input":"{\"title\":\"Condition Activity\",\"description\":\"Only flow continue when\",\"type\":\"object\",\"properties\":{\"or\":{\"type\":\"array\",\"title\":\"Conditions\",\"items\":{\"type\":\"object\",\"title\":\"Condition\",\"properties\":{\"and\":{\"type\":\"array\",\"title\":\"Filters\",\"items\":{\"type\":\"object\",\"title\":\"Filter\",\"format\":\"table\",\"properties\":{\"input\":{\"type\":\"string\",\"title\":\"Input\",\"minLength\":1},\"operator\":{\"title\":\"Condition\",\"description\":\"Select proper condition\",\"type\":\"string\",\"enum\":[\"(Text) Matches\",\"(Text) Exactly Matches\",\"(Text) Does Not Match\",\"(Text) Does Not Exactly Match\",\"(Text) Contains\",\"(Text) Does Not Contain\",\"(Text) Starts With\",\"(Text) Does Not Start With\",\"(Text) Ends With\",\"(Text) Does Not End With\",\"(Text) Is Alphanumeric\",\"(Text) Is Empty\",\"(Number) Equals\",\"(Number) Not Equals\",\"(Number) Greater Than\",\"(Number) Greater Than Equals\",\"(Number) Less Than\",\"(Number) Less Than Equals\",\"(Number) Is Negative\",\"(Number) Is Positive\",\"(Date/Time) Equals\",\"(Date/Time) Less Than\",\"(Date/Time) Less Than Equals\",\"(Date/Time) Greater Than\",\"(Date/Time) Greater Than Equals\",\"(Array) Length Equals\",\"(Array) Length Does Not Equals\",\"(Array) Length Less Than\",\"(Array) Length Less Than Equals\",\"(Array) Length Greater Than\",\"(Array) Length Greater Than Equals\",\"(Array) Is Empty\",\"(Array) Contains All Object\",\"(Array) Contains All String\",\"(Array) Contains All Number\",\"(Array) Contains All Object And Has This Property\",\"(Object) Has Property\",\"(Object) Does Not Have Property\",\"(Object) Is Empty\",\"(Regex) Match Pattern\",\"(Boolean) Is Value True\",\"(Boolean) Is Value False\",\"(Input) Exists\",\"(Input) Does Not Exist\",\"(Input) Is Null\",\"(Input) Is String\",\"(Input) Is Number\",\"(Input) Is Date\",\"(Input) Is An Array\",\"(Input) Is An Object\",\"(Input) Is Boolean\",\"(Input) Data Type Is\"]},\"expected\":{\"type\":\"string\",\"title\":\"Expected\",\"description\":\"Value you are expecting, default value is true incase of condition start with Is\"}}}}}}}}}","output":"{\"title\":\"output\",\"type\":\"object\",\"properties\":{\"fields\":{\"type\":\"array\",\"title\":\"fields\",\"items\":{\"type\":\"object\"}},\"error\":{\"type\":\"string\",\"title\":\"error\"}}}","usage":{"html":"Allows you to check conditions.","link":{"title":"Help","href":"https://flowdocs.built.io/concepts/conditions"}},"version":"v3","icon":"condition","act_type":"default","title":"Condition","provider":"Internal Only","next":["stop"],"prev":["a5"],"id":"c12","type":"condition","label":"condition","datsetConnectionDetachableition":{},"json":"{\"title\":\"Condition Activity\",\"description\":\"Only flow continue when\",\"type\":\"object\",\"properties\":{\"or\":{\"type\":\"array\",\"title\":\"Conditions\",\"items\":{\"type\":\"object\",\"title\":\"Condition\",\"properties\":{\"and\":{\"type\":\"array\",\"title\":\"Filters\",\"items\":{\"type\":\"object\",\"title\":\"Filter\",\"format\":\"table\",\"properties\":{\"input\":{\"type\":\"string\",\"title\":\"Input\",\"minLength\":1},\"operator\":{\"title\":\"Condition\",\"description\":\"Select proper condition\",\"type\":\"string\",\"enum\":[\"(Text) Matches\",\"(Text) Exactly Matches\",\"(Text) Does Not Match\",\"(Text) Does Not Exactly Match\",\"(Text) Contains\",\"(Text) Does Not Contain\",\"(Text) Starts With\",\"(Text) Does Not Start With\",\"(Text) Ends With\",\"(Text) Does Not End With\",\"(Text) Is Alphanumeric\",\"(Text) Is Empty\",\"(Number) Equals\",\"(Number) Not Equals\",\"(Number) Greater Than\",\"(Number) Greater Than Equals\",\"(Number) Less Than\",\"(Number) Less Than Equals\",\"(Number) Is Negative\",\"(Number) Is Positive\",\"(Date/Time) Equals\",\"(Date/Time) Less Than\",\"(Date/Time) Less Than Equals\",\"(Date/Time) Greater Than\",\"(Date/Time) Greater Than Equals\",\"(Array) Length Equals\",\"(Array) Length Does Not Equals\",\"(Array) Length Less Than\",\"(Array) Length Less Than Equals\",\"(Array) Length Greater Than\",\"(Array) Length Greater Than Equals\",\"(Array) Is Empty\",\"(Array) Contains All Object\",\"(Array) Contains All String\",\"(Array) Contains All Number\",\"(Array) Contains All Object And Has This Property\",\"(Object) Has Property\",\"(Object) Does Not Have Property\",\"(Object) Is Empty\",\"(Regex) Match Pattern\",\"(Boolean) Is Value True\",\"(Boolean) Is Value False\",\"(Input) Exists\",\"(Input) Does Not Exist\",\"(Input) Is Null\",\"(Input) Is String\",\"(Input) Is Number\",\"(Input) Is Date\",\"(Input) Is An Array\",\"(Input) Is An Object\",\"(Input) Is Boolean\",\"(Input) Data Type Is\"]},\"expected\":{\"type\":\"string\",\"title\":\"Expected\",\"description\":\"Value you are expecting, default value is true incase of condition start with Is\"}}}}}}}}}"},{"category":"utilities","published":true,"hide_settings":false,"marketing_category":[],"uid":"actf59f40c560349c653124eede96d256e6a84d","name":"devtools-json2xml-convert","input":"{\"title\":\"JSON Data\",\"type\":\"object\",\"properties\":{\"json_data\":{\"title\":\"JSON Data\",\"type\":\"string\",\"format\":\"textarea\",\"minLength\":1},\"root\":{\"title\":\"Root\",\"description\":\"Enter the Root element of xml to be named\",\"type\":\"string\",\"default\":\"root\",\"minLength\":1}}}","output":"{\"type\":\"object\",\"properties\":{\"xml_data\":{\"title\":\"xml_data\",\"type\":\"string\",\"displayTitle\":\"Xml Data\"}}}","usage":{"html":"Convert JSON to XML","link":{"title":"Doc link","href":"https://flowdocs.built.io/activity/developer-tools/json-to-xml-converter"}},"version":"v1","icon":"json-xml","act_type":"default","title":"JSON to XML","provider":"Transform","position":{"x":752.5,"y":120},"type":"devtools-json2xml-convert","id":"a5","next":["c12"],"prev":["c11"],"label":"JSON to XML","hasError":false,"original_label":"JSON to XML"}],"uid":"fl900a944e406279388f198a","refid":"2Wb2GUYCL","features":{"retry":{"enable":false,"max_attempts":3},"checkpoint":{"enable":false}},"mask":{"input":{"a3":[],"a1":[],"a0":[],"a4":[],"a5":[]},"output":{"a3":[],"a1":[],"a0":[],"a4":[],"a5":[]}},"description":"","tags":[],"webhook_settings":{"show_auth":false,"auth_type":"user_auth","webhook_auth":{"type":"basic","auth":{"user_name":"","password":""}},"webhook_token":{"type":"authtoken","auth":{"token":""}}},"config_data":[{"action_data":{"or":[]},"activity_id":"c9","type":"action_data","flow_version":1},{"action_data":{"xmldata":"<?xml version = \"1.0\" encoding = \"utf-8\"?>\n\n<!-- planes.xml - A document that lists ads for \n                  used airplanes -->\n\n<!DOCTYPE planes_for_sale SYSTEM \"planes.dtd\">\n<planes_for_sale>\n   <ad>\n      <year> 1977 </year>\n      <make> &c; </make>\n      <model> Skyhawk </model>\n      <color> Light blue and white </color>\n      <description> New paint, nearly new interior,\n            685 hours SMOH, full IFR King avionics </description>\n      <price> 23,495 </price>\n      <seller phone = \"555-222-3333\"> Skyway Aircraft </seller>\n      <location>\n         <city> Rapid City, </city>\n         <state> South Dakota </state>\n      </location>\n   </ad>\n   <ad>\n      <year> 1965 </year>\n      <make> &p; </make>\n      <model> Cherokee </model>\n      <color> Gold </color>\n      <description> 240 hours SMOH, dual NAVCOMs, DME, \n                new Cleveland brakes, great shape </description>\n      <seller phone = \"555-333-2222\"  \n              email = \"jseller@www.axl.com\">\n              John Seller </seller>\n      <location>\n         <city> St. Joseph, </city>\n         <state> Missouri </state>\n      </location>\n   </ad>\n</planes_for_sale>","attrkey":"$","ignoreAttrs":true,"mergeAttrs":false,"explicitArray":false,"normalizeTags":true,"normalize":false,"stripPrefix":true,"parseNumbers":false,"parseBooleans":false,"strict":false,"$input_expre$$ion":[],"$lookup_label$$":{}},"activity_id":"a0","type":"action_data","flow_version":1},{"action_data":{"json_data":"{{$a0.output}}","root":"root","$input_expre$$ion":[],"$lookup_label$$":{}},"activity_id":"a5","type":"action_data","flow_version":1},{"action_data":{"or":[]},"activity_id":"c11","type":"action_data","flow_version":1},{"action_data":{"or":[]},"activity_id":"c12","type":"action_data","flow_version":1}],"custom_connector":[]}}