{"name":"CumulocityAlarmToFreshdeskTicket","description":"<p>This is the real IOT use case. Once the Alarm created in Cumulocity a real time ticket is also created in freshdesk so that the support team can take necessary action.</p>","template_schema":{"type":"object","title":"","properties":{"7e70f917b093428f02c822b70445d3eb":{"title":"Connect to Freshdesk","type":"string","minLength":1,"connection":"freshdesk","propertyOrder":1,"__icon":"freshdesk","__path":[["1XvV18Ugxy","ga10","connection"],["1XvV18Ugxy","a0","connection"]]},"596c6278d906308d86423d1967378d75":{"type":"string","title":"Requester Email","minLength":1,"description":"Enter the email address of the requester. If no contact exists with this email address in your Freshdesk account, it will be added as a new contact","propertyOrder":3,"lookup":{"service":"freshdesk","id":"f11","searchable":false,"enabled":true,"auth":"connection","dependencies":["connection"],"__dependencies":[{"key":"connection","path":"7e70f917b093428f02c822b70445d3eb"}]},"__icon":"freshdesk","__path":[["1XvV18Ugxy","ga10","email"]]},"a018e874c82e1cbecf030a0c6afea2a6":{"title":"Status","type":"string","minLength":1,"description":"Select the status of the ticket.","lookup":{"service":"freshdesk","id":"f13","searchable":false,"enabled":true,"auth":"connection","dependencies":["connection"],"__dependencies":[{"key":"connection","path":"7e70f917b093428f02c822b70445d3eb"}]},"propertyOrder":5,"__icon":"freshdesk","__path":[["1XvV18Ugxy","ga10","status"],["1XvV18Ugxy","a0","status"]]},"44e5c4d123db83dc3e63bc6b2352a262":{"type":"string","title":"Requester Email","minLength":1,"description":"Enter the email address of the requester. If no contact exists with this email address in your Freshdesk account, it will be added as a new contact","propertyOrder":7,"lookup":{"service":"freshdesk","id":"f11","searchable":false,"enabled":true,"auth":"connection","dependencies":["connection"],"__dependencies":[{"key":"connection","path":"7e70f917b093428f02c822b70445d3eb"}]},"__icon":"freshdesk","__path":[["1XvV18Ugxy","a0","email"]]},"a49ab6b4916fbf305f46c78277df4a7f":{"type":"string","title":"Connect to Cumulocity","minLength":1,"connection":"cumulocity_v3","propertyOrder":8,"__icon":"cumulocity","__path":[["1XvV18Ugxy","trigger","auth"]]}}},"icons":["cumulocity","error","logger","freshdesk"],"connectors":["Cumulocity","Developer Tools","Freshdesk"],"flow_params":[],"project_params":[],"recipeVersion":1,"flow":{"_id":"5d127152a9e6ba007a7a6577","configurations":{"debugger":false,"live_visualization":true,"container_size":256,"canvas_settings":{"zoom":0.8,"top":-8669,"left":-8187},"is_webhook":false,"is_webhook_auth":false,"params":[]},"trigger":{"icon":"cumulocity","active":true,"handlers":[{"_id":"5d0d56c3a9718a0080b6f27c","handlers":["flda0913ae3396dab5aec17f","flb4835cef5368047a439da3"],"inactive_handlers":[],"active":true,"interval":300000,"type":"listener","stop_at":0,"locked":false,"is_mock_updated":true,"provider":"cumulocity-v3","label":"Cumulocity trigger #1","created_by":"fl4cfa3ad96c7e7f58586d17","tenant_uid":"fl9eb051ed0f968829e6d0c2","env_uid":"fl952808708754c8af23022c","project_uid":"fl981fb18efb677dc83c4349","data":{"event":"Alarm","deviceId":"10300","event_type":"Alarm","auth":"uconn02754543c315f49ebbbc40bda01d115ce257c595","_connection":"{{$config.connection.uconn02754543c315f49ebbbc40bda01d115ce257c595}}","customFilters":[],"$lookup_label$$":{}},"mock_data":"{\"message\":{\"severity\":\"MAJOR\",\"creationTime\":\"2019-06-25T19:44:31.013Z\",\"count\":1,\"self\":\"http://democloud.cumulocity.com/alarm/alarms/32102\",\"history\":{\"auditRecords\":[],\"self\":\"http://democloud.cumulocity.com/audit/auditRecords\"},\"source\":{\"name\":\"A demo device\",\"self\":\"http://democloud.cumulocity.com/inventory/managedObjects/10300\",\"id\":\"10300\"},\"time\":\"2019-06-25T19:44:31.013Z\",\"text\":\"No data received from device within required interval.\",\"type\":\"c8y_UnavailabilityAlarm\",\"status\":\"ACTIVE\",\"channel\":\"/alarms/10300\",\"realtimeAction\":\"CREATE\"}}","is_tested":true,"auth_uid":"uconn02754543c315f49ebbbc40bda01d115ce257c595","uid":"lstnr-938d7055-0c30-4a43-9661-b9c1507faa98","version":"v3","title":"Cumulocity","input":"{\"type\":\"object\",\"title\":\"Select Trigger\",\"properties\":{\"auth\":{\"type\":\"string\",\"title\":\"Connect to Cumulocity\",\"minLength\":1,\"connection\":\"cumulocity_v3\",\"propertyOrder\":1},\"deviceId\":{\"type\":\"string\",\"title\":\" Device ID\",\"minLength\":1,\"description\":\"Enter the device ID for which you want to set the trigger. A device ID can be the MAC address of the network adapter, the IMEI of a mobile device, or a hardware serial number. E.g., 2480300 or * for all devices\"},\"customFilters\":{\"type\":\"array\",\"title\":\"Custom Filters\",\"items\":{\"type\":\"object\",\"title\":\"filter\",\"properties\":{\"input\":{\"type\":\"string\",\"title\":\"Input\",\"minLength\":1},\"operator\":{\"type\":\"string\",\"title\":\"Condition\",\"enum\":[\"Equals\",\"Equals(Number)\",\"GreaterThan\",\"LessThan\",\"Contains\",\"DoesNotContains\",\"ObjectHasKey\",\"matches\",\"isNull\",\"isEmpty\",\"isNumber\",\"isObject\",\"isArray\",\"isBoolean\",\"isDate\",\"isUndefined\"]},\"expected\":{\"type\":\"string\",\"title\":\"Expected\",\"minLength\":1}}}}},\"oneOf\":[{\"type\":\"object\",\"title\":\"Alarm\",\"properties\":{\"event\":{\"type\":\"string\",\"enum\":[\"Alarm\"],\"options\":{\"hidden\":true}},\"event_type\":{\"minLenght\":1,\"type\":\"string\",\"title\":\"Event Type\",\"description\":\"Select the type of the event for which you want to set the trigger\",\"enum\":[\"Alarm\"],\"options\":{\"hidden\":true}}}},{\"type\":\"object\",\"title\":\"Event\",\"properties\":{\"event\":{\"type\":\"string\",\"enum\":[\"Event\"],\"options\":{\"hidden\":true}},\"event_type\":{\"minLenght\":1,\"type\":\"string\",\"title\":\"Event Type\",\"description\":\"Select the type of the event for which you want to set the trigger\",\"enum\":[\"Event\"],\"options\":{\"hidden\":true}}}},{\"type\":\"object\",\"title\":\"Measurement\",\"properties\":{\"event\":{\"type\":\"string\",\"enum\":[\"Measurement\"],\"options\":{\"hidden\":true}},\"event_type\":{\"minLenght\":1,\"type\":\"string\",\"title\":\"Event Type\",\"description\":\"Select the type of the event for which you want to set the trigger\",\"enum\":[\"Measurement\"],\"options\":{\"hidden\":true}}}}]}","event":"Alarm","auth_type":"connection","last_occurrence":1561155267875,"output":"{\"Alarm\":{\"type\":\"object\",\"properties\":{}},\"Event\":{\"type\":\"object\",\"properties\":{}},\"Measurement\":{\"type\":\"object\",\"properties\":{}}}","icon":"cumulocity","polling":false,"processorId":"d20a1d78-c11a-47d2-8e9a-17b84ddb7c1b","created_at":"2019-06-21T22:14:27.875Z","updated_at":"2019-06-21T22:14:27.875Z","event_title":"Alarm","__v":0,"instanceId":"i-0dca1eb2721555cec"}]},"draft":false,"flow_version":1,"activity_icons":["error","logger","freshdesk","freshdesk"],"transform":[],"name":"CumulocityAlarmToFreshdeskTicket","project_uid":"fl981fb18efb677dc83c4349","tenant_uid":"fl9eb051ed0f968829e6d0c2","action_schema":[{"id":"stop","type":"stop","label":"Stop","position":{"x":801.5,"y":207.75},"category":"special","help":"End point of Flow","next":null,"prev":["c3"],"output":[]},{"id":"start","type":"start","label":"Start","position":{"x":150,"y":200},"category":"special","help":"Start point of Flow","next":["c0"],"prev":null,"output":[],"start":true,"original_label":"Start"},{"category":"default","published":false,"hide_settings":false,"marketing_category":[],"uid":"act5b9c11c345c41102bf02a5","name":"condition","input":"{\"title\":\"Condition Activity\",\"description\":\"Only flow continue when\",\"type\":\"object\",\"properties\":{\"or\":{\"type\":\"array\",\"title\":\"Conditions\",\"items\":{\"type\":\"object\",\"title\":\"Condition\",\"properties\":{\"and\":{\"type\":\"array\",\"title\":\"Filters\",\"items\":{\"type\":\"object\",\"title\":\"Filter\",\"format\":\"table\",\"properties\":{\"input\":{\"type\":\"string\",\"title\":\"Input\",\"minLength\":1},\"operator\":{\"title\":\"Condition\",\"description\":\"Select proper condition\",\"type\":\"string\",\"enum\":[\"(Text) Matches\",\"(Text) Exactly Matches\",\"(Text) Does Not Match\",\"(Text) Does Not Exactly Match\",\"(Text) Contains\",\"(Text) Does Not Contain\",\"(Text) Starts With\",\"(Text) Does Not Start With\",\"(Text) Ends With\",\"(Text) Does Not End With\",\"(Text) Is Alphanumeric\",\"(Text) Is Empty\",\"(Number) Equals\",\"(Number) Not Equals\",\"(Number) Greater Than\",\"(Number) Greater Than Equals\",\"(Number) Less Than\",\"(Number) Less Than Equals\",\"(Number) Is Negative\",\"(Number) Is Positive\",\"(Date/Time) Equals\",\"(Date/Time) Less Than\",\"(Date/Time) Less Than Equals\",\"(Date/Time) Greater Than\",\"(Date/Time) Greater Than Equals\",\"(Array) Length Equals\",\"(Array) Length Does Not Equals\",\"(Array) Length Less Than\",\"(Array) Length Less Than Equals\",\"(Array) Length Greater Than\",\"(Array) Length Greater Than Equals\",\"(Array) Is Empty\",\"(Array) Contains All Object\",\"(Array) Contains All String\",\"(Array) Contains All Number\",\"(Array) Contains All Object And Has This Property\",\"(Object) Has Property\",\"(Object) Does Not Have Property\",\"(Object) Is Empty\",\"(Regex) Match Pattern\",\"(Boolean) Is Value True\",\"(Boolean) Is Value False\",\"(Input) Exists\",\"(Input) Does Not Exist\",\"(Input) Is Null\",\"(Input) Is String\",\"(Input) Is Number\",\"(Input) Is Date\",\"(Input) Is An Array\",\"(Input) Is An Object\",\"(Input) Is Boolean\",\"(Input) Data Type Is\"]},\"expected\":{\"type\":\"string\",\"title\":\"Expected\",\"description\":\"Value you are expecting, default value is true incase of condition start with Is\"}}}}}}}}}","output":"{\"title\":\"output\",\"type\":\"object\",\"properties\":{\"fields\":{\"type\":\"array\",\"title\":\"fields\",\"items\":{\"type\":\"object\"}},\"error\":{\"type\":\"string\",\"title\":\"error\"}}}","usage":{"html":"Allows you to check conditions.","link":{"title":"Help","href":"https://flowdocs.built.io/concepts/conditions"}},"version":"v3","icon":"condition","act_type":"default","title":"Condition","provider":"Internal Only","next":["a0"],"prev":["start"],"id":"c0","type":"condition","label":"condition","datsetConnectionDetachableition":{},"json":"{\"title\":\"Condition Activity\",\"description\":\"Only flow continue when\",\"type\":\"object\",\"properties\":{\"or\":{\"type\":\"array\",\"title\":\"Conditions\",\"items\":{\"type\":\"object\",\"title\":\"Condition\",\"properties\":{\"and\":{\"type\":\"array\",\"title\":\"Filters\",\"items\":{\"type\":\"object\",\"title\":\"Filter\",\"format\":\"table\",\"properties\":{\"input\":{\"type\":\"string\",\"title\":\"Input\",\"minLength\":1},\"operator\":{\"title\":\"Condition\",\"description\":\"Select proper condition\",\"type\":\"string\",\"enum\":[\"(Text) Matches\",\"(Text) Exactly Matches\",\"(Text) Does Not Match\",\"(Text) Does Not Exactly Match\",\"(Text) Contains\",\"(Text) Does Not Contain\",\"(Text) Starts With\",\"(Text) Does Not Start With\",\"(Text) Ends With\",\"(Text) Does Not End With\",\"(Text) Is Alphanumeric\",\"(Text) Is Empty\",\"(Number) Equals\",\"(Number) Not Equals\",\"(Number) Greater Than\",\"(Number) Greater Than Equals\",\"(Number) Less Than\",\"(Number) Less Than Equals\",\"(Number) Is Negative\",\"(Number) Is Positive\",\"(Date/Time) Equals\",\"(Date/Time) Less Than\",\"(Date/Time) Less Than Equals\",\"(Date/Time) Greater Than\",\"(Date/Time) Greater Than Equals\",\"(Array) Length Equals\",\"(Array) Length Does Not Equals\",\"(Array) Length Less Than\",\"(Array) Length Less Than Equals\",\"(Array) Length Greater Than\",\"(Array) Length Greater Than Equals\",\"(Array) Is Empty\",\"(Array) Contains All Object\",\"(Array) Contains All String\",\"(Array) Contains All Number\",\"(Array) Contains All Object And Has This Property\",\"(Object) Has Property\",\"(Object) Does Not Have Property\",\"(Object) Is Empty\",\"(Regex) Match Pattern\",\"(Boolean) Is Value True\",\"(Boolean) Is Value False\",\"(Input) Exists\",\"(Input) Does Not Exist\",\"(Input) Is Null\",\"(Input) Is String\",\"(Input) Is Number\",\"(Input) Is Date\",\"(Input) Is An Array\",\"(Input) Is An Object\",\"(Input) Is Boolean\",\"(Input) Data Type Is\"]},\"expected\":{\"type\":\"string\",\"title\":\"Expected\",\"description\":\"Value you are expecting, default value is true incase of condition start with Is\"}}}}}}}}}"},{"category":"utilities","published":true,"hide_settings":true,"marketing_category":["developer"],"uid":"act41aa7c8ae5f7c8f890ed5a","act_type":"default","version":"v1","usage":{"link":{"title":"","href":""},"html":"Handle error in Workflow globally"},"name":"global-error-handler","input":"{}","output":"{\"type\":\"object\",\"properties\":{\"message\":{\"type\":\"string\",\"title\":\"message\",\"displayTitle\":\"Message\"},\"stack\":{\"type\":\"string\",\"title\":\"stack\",\"displayTitle\":\"Stack\"},\"failed_action_id\":{\"type\":\"string\",\"title\":\"failed action id\",\"displayTitle\":\"Failed Action ID\"}}}","icon":"error","title":"Global Error Handler","provider":"Developer Tools","position":{"x":175.5,"y":357.75},"type":"global-error-handler","id":"a1","next":[],"prev":[],"label":"Global Error Handler","start":["gca10"],"stop":["gca11"]},{"category":"default","published":false,"hide_settings":false,"marketing_category":[],"uid":"act5b9c11c345c41102bf02a5","name":"condition","input":"{\"title\":\"Condition Activity\",\"description\":\"Only flow continue when\",\"type\":\"object\",\"properties\":{\"or\":{\"type\":\"array\",\"title\":\"Conditions\",\"items\":{\"type\":\"object\",\"title\":\"Condition\",\"properties\":{\"and\":{\"type\":\"array\",\"title\":\"Filters\",\"items\":{\"type\":\"object\",\"title\":\"Filter\",\"format\":\"table\",\"properties\":{\"input\":{\"type\":\"string\",\"title\":\"Input\",\"minLength\":1},\"operator\":{\"title\":\"Condition\",\"description\":\"Select proper condition\",\"type\":\"string\",\"enum\":[\"(Text) Matches\",\"(Text) Exactly Matches\",\"(Text) Does Not Match\",\"(Text) Does Not Exactly Match\",\"(Text) Contains\",\"(Text) Does Not Contain\",\"(Text) Starts With\",\"(Text) Does Not Start With\",\"(Text) Ends With\",\"(Text) Does Not End With\",\"(Text) Is Alphanumeric\",\"(Text) Is Empty\",\"(Number) Equals\",\"(Number) Not Equals\",\"(Number) Greater Than\",\"(Number) Greater Than Equals\",\"(Number) Less Than\",\"(Number) Less Than Equals\",\"(Number) Is Negative\",\"(Number) Is Positive\",\"(Date/Time) Equals\",\"(Date/Time) Less Than\",\"(Date/Time) Less Than Equals\",\"(Date/Time) Greater Than\",\"(Date/Time) Greater Than Equals\",\"(Array) Length Equals\",\"(Array) Length Does Not Equals\",\"(Array) Length Less Than\",\"(Array) Length Less Than Equals\",\"(Array) Length Greater Than\",\"(Array) Length Greater Than Equals\",\"(Array) Is Empty\",\"(Array) Contains All Object\",\"(Array) Contains All String\",\"(Array) Contains All Number\",\"(Array) Contains All Object And Has This Property\",\"(Object) Has Property\",\"(Object) Does Not Have Property\",\"(Object) Is Empty\",\"(Regex) Match Pattern\",\"(Boolean) Is Value True\",\"(Boolean) Is Value False\",\"(Input) Exists\",\"(Input) Does Not Exist\",\"(Input) Is Null\",\"(Input) Is String\",\"(Input) Is Number\",\"(Input) Is Date\",\"(Input) Is An Array\",\"(Input) Is An Object\",\"(Input) Is Boolean\",\"(Input) Data Type Is\"]},\"expected\":{\"type\":\"string\",\"title\":\"Expected\",\"description\":\"Value you are expecting, default value is true incase of condition start with Is\"}}}}}}}}}","output":"{\"title\":\"output\",\"type\":\"object\",\"properties\":{\"fields\":{\"type\":\"array\",\"title\":\"fields\",\"items\":{\"type\":\"object\"}},\"error\":{\"type\":\"string\",\"title\":\"error\"}}}","usage":{"html":"Allows you to check conditions.","link":{"title":"Help","href":"https://flowdocs.built.io/concepts/conditions"}},"version":"v3","icon":"condition","act_type":"default","title":"Condition","provider":"Internal Only","next":["a2"],"prev":["a0"],"id":"c2","type":"condition","label":"condition","datsetConnectionDetachableition":{},"json":"{\"title\":\"Condition Activity\",\"description\":\"Only flow continue when\",\"type\":\"object\",\"properties\":{\"or\":{\"type\":\"array\",\"title\":\"Conditions\",\"items\":{\"type\":\"object\",\"title\":\"Condition\",\"properties\":{\"and\":{\"type\":\"array\",\"title\":\"Filters\",\"items\":{\"type\":\"object\",\"title\":\"Filter\",\"format\":\"table\",\"properties\":{\"input\":{\"type\":\"string\",\"title\":\"Input\",\"minLength\":1},\"operator\":{\"title\":\"Condition\",\"description\":\"Select proper condition\",\"type\":\"string\",\"enum\":[\"(Text) Matches\",\"(Text) Exactly Matches\",\"(Text) Does Not Match\",\"(Text) Does Not Exactly Match\",\"(Text) Contains\",\"(Text) Does Not Contain\",\"(Text) Starts With\",\"(Text) Does Not Start With\",\"(Text) Ends With\",\"(Text) Does Not End With\",\"(Text) Is Alphanumeric\",\"(Text) Is Empty\",\"(Number) Equals\",\"(Number) Not Equals\",\"(Number) Greater Than\",\"(Number) Greater Than Equals\",\"(Number) Less Than\",\"(Number) Less Than Equals\",\"(Number) Is Negative\",\"(Number) Is Positive\",\"(Date/Time) Equals\",\"(Date/Time) Less Than\",\"(Date/Time) Less Than Equals\",\"(Date/Time) Greater Than\",\"(Date/Time) Greater Than Equals\",\"(Array) Length Equals\",\"(Array) Length Does Not Equals\",\"(Array) Length Less Than\",\"(Array) Length Less Than Equals\",\"(Array) Length Greater Than\",\"(Array) Length Greater Than Equals\",\"(Array) Is Empty\",\"(Array) Contains All Object\",\"(Array) Contains All String\",\"(Array) Contains All Number\",\"(Array) Contains All Object And Has This Property\",\"(Object) Has Property\",\"(Object) Does Not Have Property\",\"(Object) Is Empty\",\"(Regex) Match Pattern\",\"(Boolean) Is Value True\",\"(Boolean) Is Value False\",\"(Input) Exists\",\"(Input) Does Not Exist\",\"(Input) Is Null\",\"(Input) Is String\",\"(Input) Is Number\",\"(Input) Is Date\",\"(Input) Is An Array\",\"(Input) Is An Object\",\"(Input) Is Boolean\",\"(Input) Data Type Is\"]},\"expected\":{\"type\":\"string\",\"title\":\"Expected\",\"description\":\"Value you are expecting, default value is true incase of condition start with Is\"}}}}}}}}}"},{"category":"utilities","published":true,"hide_settings":false,"marketing_category":["developer"],"uid":"acta64bbda85d3d4f1554c7930b3cbac423639c","name":"devtools-logger","input":"{\"type\":\"object\",\"title\":\"Logger\",\"properties\":{\"logs\":{\"type\":\"array\",\"title\":\"Add Logs\",\"minItems\":1,\"items\":{\"type\":\"string\",\"format\":\"textarea\",\"minLength\":1,\"title\":\"Log Data\",\"default\":\"\"}}}}","output":"{\"type\":\"object\",\"properties\":{\"logs\":{\"type\":\"array\",\"title\":\"logs\",\"items\":{\"type\":\"any\"},\"displayTitle\":\"Logs\"}}}","usage":{"link":{"title":"Doc Link","href":"https://flowdocs.built.io/activity/developer-tools/logger"},"html":"Logger Activity"},"version":"v1","icon":"logger","act_type":"default","title":"Logger","provider":"Developer Tools","position":{"x":623,"y":191},"type":"devtools-logger","id":"a2","next":["c3"],"prev":["c2"],"label":"Logger","hasError":false,"original_label":"Logger"},{"category":"default","published":false,"hide_settings":false,"marketing_category":[],"uid":"act5b9c11c345c41102bf02a5","name":"condition","input":"{\"title\":\"Condition Activity\",\"description\":\"Only flow continue when\",\"type\":\"object\",\"properties\":{\"or\":{\"type\":\"array\",\"title\":\"Conditions\",\"items\":{\"type\":\"object\",\"title\":\"Condition\",\"properties\":{\"and\":{\"type\":\"array\",\"title\":\"Filters\",\"items\":{\"type\":\"object\",\"title\":\"Filter\",\"format\":\"table\",\"properties\":{\"input\":{\"type\":\"string\",\"title\":\"Input\",\"minLength\":1},\"operator\":{\"title\":\"Condition\",\"description\":\"Select proper condition\",\"type\":\"string\",\"enum\":[\"(Text) Matches\",\"(Text) Exactly Matches\",\"(Text) Does Not Match\",\"(Text) Does Not Exactly Match\",\"(Text) Contains\",\"(Text) Does Not Contain\",\"(Text) Starts With\",\"(Text) Does Not Start With\",\"(Text) Ends With\",\"(Text) Does Not End With\",\"(Text) Is Alphanumeric\",\"(Text) Is Empty\",\"(Number) Equals\",\"(Number) Not Equals\",\"(Number) Greater Than\",\"(Number) Greater Than Equals\",\"(Number) Less Than\",\"(Number) Less Than Equals\",\"(Number) Is Negative\",\"(Number) Is Positive\",\"(Date/Time) Equals\",\"(Date/Time) Less Than\",\"(Date/Time) Less Than Equals\",\"(Date/Time) Greater Than\",\"(Date/Time) Greater Than Equals\",\"(Array) Length Equals\",\"(Array) Length Does Not Equals\",\"(Array) Length Less Than\",\"(Array) Length Less Than Equals\",\"(Array) Length Greater Than\",\"(Array) Length Greater Than Equals\",\"(Array) Is Empty\",\"(Array) Contains All Object\",\"(Array) Contains All String\",\"(Array) Contains All Number\",\"(Array) Contains All Object And Has This Property\",\"(Object) Has Property\",\"(Object) Does Not Have Property\",\"(Object) Is Empty\",\"(Regex) Match Pattern\",\"(Boolean) Is Value True\",\"(Boolean) Is Value False\",\"(Input) Exists\",\"(Input) Does Not Exist\",\"(Input) Is Null\",\"(Input) Is String\",\"(Input) Is Number\",\"(Input) Is Date\",\"(Input) Is An Array\",\"(Input) Is An Object\",\"(Input) Is Boolean\",\"(Input) Data Type Is\"]},\"expected\":{\"type\":\"string\",\"title\":\"Expected\",\"description\":\"Value you are expecting, default value is true incase of condition start with Is\"}}}}}}}}}","output":"{\"title\":\"output\",\"type\":\"object\",\"properties\":{\"fields\":{\"type\":\"array\",\"title\":\"fields\",\"items\":{\"type\":\"object\"}},\"error\":{\"type\":\"string\",\"title\":\"error\"}}}","usage":{"html":"Allows you to check conditions.","link":{"title":"Help","href":"https://flowdocs.built.io/concepts/conditions"}},"version":"v3","icon":"condition","act_type":"default","title":"Condition","provider":"Internal Only","next":["stop"],"prev":["a2"],"id":"c3","type":"condition","label":"condition","datsetConnectionDetachableition":{},"json":"{\"title\":\"Condition Activity\",\"description\":\"Only flow continue when\",\"type\":\"object\",\"properties\":{\"or\":{\"type\":\"array\",\"title\":\"Conditions\",\"items\":{\"type\":\"object\",\"title\":\"Condition\",\"properties\":{\"and\":{\"type\":\"array\",\"title\":\"Filters\",\"items\":{\"type\":\"object\",\"title\":\"Filter\",\"format\":\"table\",\"properties\":{\"input\":{\"type\":\"string\",\"title\":\"Input\",\"minLength\":1},\"operator\":{\"title\":\"Condition\",\"description\":\"Select proper condition\",\"type\":\"string\",\"enum\":[\"(Text) Matches\",\"(Text) Exactly Matches\",\"(Text) Does Not Match\",\"(Text) Does Not Exactly Match\",\"(Text) Contains\",\"(Text) Does Not Contain\",\"(Text) Starts With\",\"(Text) Does Not Start With\",\"(Text) Ends With\",\"(Text) Does Not End With\",\"(Text) Is Alphanumeric\",\"(Text) Is Empty\",\"(Number) Equals\",\"(Number) Not Equals\",\"(Number) Greater Than\",\"(Number) Greater Than Equals\",\"(Number) Less Than\",\"(Number) Less Than Equals\",\"(Number) Is Negative\",\"(Number) Is Positive\",\"(Date/Time) Equals\",\"(Date/Time) Less Than\",\"(Date/Time) Less Than Equals\",\"(Date/Time) Greater Than\",\"(Date/Time) Greater Than Equals\",\"(Array) Length Equals\",\"(Array) Length Does Not Equals\",\"(Array) Length Less Than\",\"(Array) Length Less Than Equals\",\"(Array) Length Greater Than\",\"(Array) Length Greater Than Equals\",\"(Array) Is Empty\",\"(Array) Contains All Object\",\"(Array) Contains All String\",\"(Array) Contains All Number\",\"(Array) Contains All Object And Has This Property\",\"(Object) Has Property\",\"(Object) Does Not Have Property\",\"(Object) Is Empty\",\"(Regex) Match Pattern\",\"(Boolean) Is Value True\",\"(Boolean) Is Value False\",\"(Input) Exists\",\"(Input) Does Not Exist\",\"(Input) Is Null\",\"(Input) Is String\",\"(Input) Is Number\",\"(Input) Is Date\",\"(Input) Is An Array\",\"(Input) Is An Object\",\"(Input) Is Boolean\",\"(Input) Data Type Is\"]},\"expected\":{\"type\":\"string\",\"title\":\"Expected\",\"description\":\"Value you are expecting, default value is true incase of condition start with Is\"}}}}}}}}}"},{"category":"default","published":false,"hide_settings":false,"marketing_category":[],"uid":"act5b9c11c345c41102bf02a5","name":"condition","input":"{\"title\":\"Condition Activity\",\"description\":\"Only flow continue when\",\"type\":\"object\",\"properties\":{\"or\":{\"type\":\"array\",\"title\":\"Conditions\",\"items\":{\"type\":\"object\",\"title\":\"Condition\",\"properties\":{\"and\":{\"type\":\"array\",\"title\":\"Filters\",\"items\":{\"type\":\"object\",\"title\":\"Filter\",\"format\":\"table\",\"properties\":{\"input\":{\"type\":\"string\",\"title\":\"Input\",\"minLength\":1},\"operator\":{\"title\":\"Condition\",\"description\":\"Select proper condition\",\"type\":\"string\",\"enum\":[\"(Text) Matches\",\"(Text) Exactly Matches\",\"(Text) Does Not Match\",\"(Text) Does Not Exactly Match\",\"(Text) Contains\",\"(Text) Does Not Contain\",\"(Text) Starts With\",\"(Text) Does Not Start With\",\"(Text) Ends With\",\"(Text) Does Not End With\",\"(Text) Is Alphanumeric\",\"(Text) Is Empty\",\"(Number) Equals\",\"(Number) Not Equals\",\"(Number) Greater Than\",\"(Number) Greater Than Equals\",\"(Number) Less Than\",\"(Number) Less Than Equals\",\"(Number) Is Negative\",\"(Number) Is Positive\",\"(Date/Time) Equals\",\"(Date/Time) Less Than\",\"(Date/Time) Less Than Equals\",\"(Date/Time) Greater Than\",\"(Date/Time) Greater Than Equals\",\"(Array) Length Equals\",\"(Array) Length Does Not Equals\",\"(Array) Length Less Than\",\"(Array) Length Less Than Equals\",\"(Array) Length Greater Than\",\"(Array) Length Greater Than Equals\",\"(Array) Is Empty\",\"(Array) Contains All Object\",\"(Array) Contains All String\",\"(Array) Contains All Number\",\"(Array) Contains All Object And Has This Property\",\"(Object) Has Property\",\"(Object) Does Not Have Property\",\"(Object) Is Empty\",\"(Regex) Match Pattern\",\"(Boolean) Is Value True\",\"(Boolean) Is Value False\",\"(Input) Exists\",\"(Input) Does Not Exist\",\"(Input) Is Null\",\"(Input) Is String\",\"(Input) Is Number\",\"(Input) Is Date\",\"(Input) Is An Array\",\"(Input) Is An Object\",\"(Input) Is Boolean\",\"(Input) Data Type Is\"]},\"expected\":{\"type\":\"string\",\"title\":\"Expected\",\"description\":\"Value you are expecting, default value is true incase of condition start with Is\"}}}}}}}}}","output":"{\"title\":\"output\",\"type\":\"object\",\"properties\":{\"fields\":{\"type\":\"array\",\"title\":\"fields\",\"items\":{\"type\":\"object\"}},\"error\":{\"type\":\"string\",\"title\":\"error\"}}}","usage":{"html":"Allows you to check conditions.","link":{"title":"Help","href":"https://flowdocs.built.io/concepts/conditions"}},"version":"v3","icon":"condition","act_type":"default","title":"Condition","provider":"Internal Only","group":"a1","next":["ga10"],"prev":["a1"],"id":"gca10","type":"condition","label":"condition","datsetConnectionDetachableition":{},"json":"{\"title\":\"Condition Activity\",\"description\":\"Only flow continue when\",\"type\":\"object\",\"properties\":{\"or\":{\"type\":\"array\",\"title\":\"Conditions\",\"items\":{\"type\":\"object\",\"title\":\"Condition\",\"properties\":{\"and\":{\"type\":\"array\",\"title\":\"Filters\",\"items\":{\"type\":\"object\",\"title\":\"Filter\",\"format\":\"table\",\"properties\":{\"input\":{\"type\":\"string\",\"title\":\"Input\",\"minLength\":1},\"operator\":{\"title\":\"Condition\",\"description\":\"Select proper condition\",\"type\":\"string\",\"enum\":[\"(Text) Matches\",\"(Text) Exactly Matches\",\"(Text) Does Not Match\",\"(Text) Does Not Exactly Match\",\"(Text) Contains\",\"(Text) Does Not Contain\",\"(Text) Starts With\",\"(Text) Does Not Start With\",\"(Text) Ends With\",\"(Text) Does Not End With\",\"(Text) Is Alphanumeric\",\"(Text) Is Empty\",\"(Number) Equals\",\"(Number) Not Equals\",\"(Number) Greater Than\",\"(Number) Greater Than Equals\",\"(Number) Less Than\",\"(Number) Less Than Equals\",\"(Number) Is Negative\",\"(Number) Is Positive\",\"(Date/Time) Equals\",\"(Date/Time) Less Than\",\"(Date/Time) Less Than Equals\",\"(Date/Time) Greater Than\",\"(Date/Time) Greater Than Equals\",\"(Array) Length Equals\",\"(Array) Length Does Not Equals\",\"(Array) Length Less Than\",\"(Array) Length Less Than Equals\",\"(Array) Length Greater Than\",\"(Array) Length Greater Than Equals\",\"(Array) Is Empty\",\"(Array) Contains All Object\",\"(Array) Contains All String\",\"(Array) Contains All Number\",\"(Array) Contains All Object And Has This Property\",\"(Object) Has Property\",\"(Object) Does Not Have Property\",\"(Object) Is Empty\",\"(Regex) Match Pattern\",\"(Boolean) Is Value True\",\"(Boolean) Is Value False\",\"(Input) Exists\",\"(Input) Does Not Exist\",\"(Input) Is Null\",\"(Input) Is String\",\"(Input) Is Number\",\"(Input) Is Date\",\"(Input) Is An Array\",\"(Input) Is An Object\",\"(Input) Is Boolean\",\"(Input) Data Type Is\"]},\"expected\":{\"type\":\"string\",\"title\":\"Expected\",\"description\":\"Value you are expecting, default value is true incase of condition start with Is\"}}}}}}}}}"},{"category":"default","published":false,"hide_settings":false,"marketing_category":[],"uid":"act5b9c11c345c41102bf02a5","name":"condition","input":"{\"title\":\"Condition Activity\",\"description\":\"Only flow continue when\",\"type\":\"object\",\"properties\":{\"or\":{\"type\":\"array\",\"title\":\"Conditions\",\"items\":{\"type\":\"object\",\"title\":\"Condition\",\"properties\":{\"and\":{\"type\":\"array\",\"title\":\"Filters\",\"items\":{\"type\":\"object\",\"title\":\"Filter\",\"format\":\"table\",\"properties\":{\"input\":{\"type\":\"string\",\"title\":\"Input\",\"minLength\":1},\"operator\":{\"title\":\"Condition\",\"description\":\"Select proper condition\",\"type\":\"string\",\"enum\":[\"(Text) Matches\",\"(Text) Exactly Matches\",\"(Text) Does Not Match\",\"(Text) Does Not Exactly Match\",\"(Text) Contains\",\"(Text) Does Not Contain\",\"(Text) Starts With\",\"(Text) Does Not Start With\",\"(Text) Ends With\",\"(Text) Does Not End With\",\"(Text) Is Alphanumeric\",\"(Text) Is Empty\",\"(Number) Equals\",\"(Number) Not Equals\",\"(Number) Greater Than\",\"(Number) Greater Than Equals\",\"(Number) Less Than\",\"(Number) Less Than Equals\",\"(Number) Is Negative\",\"(Number) Is Positive\",\"(Date/Time) Equals\",\"(Date/Time) Less Than\",\"(Date/Time) Less Than Equals\",\"(Date/Time) Greater Than\",\"(Date/Time) Greater Than Equals\",\"(Array) Length Equals\",\"(Array) Length Does Not Equals\",\"(Array) Length Less Than\",\"(Array) Length Less Than Equals\",\"(Array) Length Greater Than\",\"(Array) Length Greater Than Equals\",\"(Array) Is Empty\",\"(Array) Contains All Object\",\"(Array) Contains All String\",\"(Array) Contains All Number\",\"(Array) Contains All Object And Has This Property\",\"(Object) Has Property\",\"(Object) Does Not Have Property\",\"(Object) Is Empty\",\"(Regex) Match Pattern\",\"(Boolean) Is Value True\",\"(Boolean) Is Value False\",\"(Input) Exists\",\"(Input) Does Not Exist\",\"(Input) Is Null\",\"(Input) Is String\",\"(Input) Is Number\",\"(Input) Is Date\",\"(Input) Is An Array\",\"(Input) Is An Object\",\"(Input) Is Boolean\",\"(Input) Data Type Is\"]},\"expected\":{\"type\":\"string\",\"title\":\"Expected\",\"description\":\"Value you are expecting, default value is true incase of condition start with Is\"}}}}}}}}}","output":"{\"title\":\"output\",\"type\":\"object\",\"properties\":{\"fields\":{\"type\":\"array\",\"title\":\"fields\",\"items\":{\"type\":\"object\"}},\"error\":{\"type\":\"string\",\"title\":\"error\"}}}","usage":{"html":"Allows you to check conditions.","link":{"title":"Help","href":"https://flowdocs.built.io/concepts/conditions"}},"version":"v3","icon":"condition","act_type":"default","title":"Condition","provider":"Internal Only","group":"a1","next":["a1"],"prev":["ga10"],"id":"gca11","type":"condition","label":"condition","datsetConnectionDetachableition":{},"json":"{\"title\":\"Condition Activity\",\"description\":\"Only flow continue when\",\"type\":\"object\",\"properties\":{\"or\":{\"type\":\"array\",\"title\":\"Conditions\",\"items\":{\"type\":\"object\",\"title\":\"Condition\",\"properties\":{\"and\":{\"type\":\"array\",\"title\":\"Filters\",\"items\":{\"type\":\"object\",\"title\":\"Filter\",\"format\":\"table\",\"properties\":{\"input\":{\"type\":\"string\",\"title\":\"Input\",\"minLength\":1},\"operator\":{\"title\":\"Condition\",\"description\":\"Select proper condition\",\"type\":\"string\",\"enum\":[\"(Text) Matches\",\"(Text) Exactly Matches\",\"(Text) Does Not Match\",\"(Text) Does Not Exactly Match\",\"(Text) Contains\",\"(Text) Does Not Contain\",\"(Text) Starts With\",\"(Text) Does Not Start With\",\"(Text) Ends With\",\"(Text) Does Not End With\",\"(Text) Is Alphanumeric\",\"(Text) Is Empty\",\"(Number) Equals\",\"(Number) Not Equals\",\"(Number) Greater Than\",\"(Number) Greater Than Equals\",\"(Number) Less Than\",\"(Number) Less Than Equals\",\"(Number) Is Negative\",\"(Number) Is Positive\",\"(Date/Time) Equals\",\"(Date/Time) Less Than\",\"(Date/Time) Less Than Equals\",\"(Date/Time) Greater Than\",\"(Date/Time) Greater Than Equals\",\"(Array) Length Equals\",\"(Array) Length Does Not Equals\",\"(Array) Length Less Than\",\"(Array) Length Less Than Equals\",\"(Array) Length Greater Than\",\"(Array) Length Greater Than Equals\",\"(Array) Is Empty\",\"(Array) Contains All Object\",\"(Array) Contains All String\",\"(Array) Contains All Number\",\"(Array) Contains All Object And Has This Property\",\"(Object) Has Property\",\"(Object) Does Not Have Property\",\"(Object) Is Empty\",\"(Regex) Match Pattern\",\"(Boolean) Is Value True\",\"(Boolean) Is Value False\",\"(Input) Exists\",\"(Input) Does Not Exist\",\"(Input) Is Null\",\"(Input) Is String\",\"(Input) Is Number\",\"(Input) Is Date\",\"(Input) Is An Array\",\"(Input) Is An Object\",\"(Input) Is Boolean\",\"(Input) Data Type Is\"]},\"expected\":{\"type\":\"string\",\"title\":\"Expected\",\"description\":\"Value you are expecting, default value is true incase of condition start with Is\"}}}}}}}}}"},{"label":"Create Ticket","usage":{"link":{"title":"Doc Link","href":"https://flowdocs.built.io/services/freshdesk"},"html":"Create a new ticket"},"icon":"freshdesk","act_type":"default","provider":"Freshdesk","category":"service","position":{"x":285,"y":109},"id":"ga10","next":["gca11"],"prev":["gca10"],"geh":"a1","group":"a1","type":"freshdesk-ticket-create","original_label":"Freshdesk","hasError":false,"published":true,"hide_settings":false,"marketing_category":["project management"],"uid":"actf46a40845b4d9166c099ce27fc7cecb5e223","name":"freshdesk-ticket-create","input":"{\"title\":\"Create Ticket\",\"type\":\"object\",\"properties\":{\"connection\":{\"title\":\"Connect to Freshdesk\",\"type\":\"string\",\"minLength\":1,\"connection\":\"freshdesk\",\"propertyOrder\":1},\"name\":{\"type\":\"string\",\"title\":\"Requester Name\",\"description\":\"Enter the name of the requester\",\"propertyOrder\":2},\"email\":{\"type\":\"string\",\"title\":\"Requester Email\",\"minLength\":1,\"description\":\"Enter the email address of the requester. If no contact exists with this email address in your Freshdesk account, it will be added as a new contact\",\"propertyOrder\":3,\"lookup\":{\"service\":\"freshdesk\",\"id\":\"f11\",\"searchable\":false,\"enabled\":true,\"auth\":\"connection\",\"dependencies\":[\"connection\"]}},\"subject\":{\"title\":\"Subject\",\"type\":\"string\",\"minLength\":1,\"description\":\"Enter the subject of the ticket you wish to create\",\"propertyOrder\":4},\"description\":{\"title\":\"Description\",\"type\":\"string\",\"format\":\"textarea\",\"minLength\":1,\"description\":\"Provide a short description of the ticket\",\"propertyOrder\":5},\"cc_emails\":{\"title\":\"Cc Emails\",\"type\":\"array\",\"description\":\"Enter the comma separated email addresses to whom you wish to send a copy of this ticket\",\"propertyOrder\":6,\"items\":{\"title\":\"Email\",\"type\":\"string\",\"lookup\":{\"service\":\"freshdesk\",\"id\":\"f11\",\"searchable\":false,\"enabled\":true,\"auth\":\"connection\",\"dependencies\":[\"connection\"]}}},\"status\":{\"title\":\"Status\",\"type\":\"string\",\"minLength\":1,\"description\":\"Select the status of the ticket.\",\"lookup\":{\"service\":\"freshdesk\",\"id\":\"f13\",\"searchable\":false,\"enabled\":true,\"auth\":\"connection\",\"dependencies\":[\"connection\"]},\"propertyOrder\":8},\"priority\":{\"title\":\"Priority\",\"type\":\"string\",\"minLength\":1,\"default\":\"Low\",\"enum\":[\"Low\",\"Medium\",\"High\",\"Urgent\"],\"select2\":{\"active\":true},\"description\":\"Select the priority of the ticket. The default value for this field is set to ‘Low’\",\"propertyOrder\":9},\"source\":{\"title\":\"Source\",\"type\":\"string\",\"default\":\"Portal\",\"enum\":[\"Email\",\"Portal\",\"Phone\",\"Chat\",\"MobiHelp\",\"Feedback Widget\",\"Outbound Email\"],\"select2\":{\"active\":true},\"description\":\"Select the channel through which the ticket was created. The default value for this field is set to ‘Portal’\",\"propertyOrder\":10},\"custom_fields\":{\"title\":\"Custom Fields\",\"type\":\"array\",\"description\":\"Key value pairs containing the names and values of custom fields\",\"propertyOrder\":11,\"minItems\":1,\"items\":{\"type\":\"object\",\"title\":\"Label Name\",\"properties\":{\"custom_key\":{\"title\":\"Field Name\",\"type\":\"string\",\"description\":\"Provide the name of the field you wish to add. The field name should be the same as field name in the <a target='blank' href='https://support.freshdesk.com/support/solutions/articles/216548'>UI/API</a> docs\"},\"custom_value\":{\"title\":\"Value\",\"type\":\"string\",\"description\":\"Enter the value for the specified UI field\"}}}},\"additional_params\":{\"title\":\"Additional Fields\",\"description\":\"(List of additional fields (key value fields) present in the UI of 'Freshdesk' service to be added)\",\"type\":\"array\",\"propertyOrder\":12,\"items\":{\"type\":\"object\",\"title\":\"Parameter\",\"properties\":{\"param_name\":{\"title\":\"Field Name\",\"type\":\"string\",\"description\":\"Provide the name of the field you wish to add. The field name should be the same as field name in the <a target= 'blank' href ='https://developers.freshdesk.com/api/#create_ticket'>UI/API</a> docs\"},\"param_value\":{\"title\":\"Value\",\"type\":\"string\",\"description\":\"Enter the value for the specified UI field\"}}}}}}","output":"{\"title\":\"output\",\"type\":\"object\",\"properties\":{\"cc_emails\":{\"title\":\"cc_emails\",\"type\":\"array\",\"displayTitle\":\"Ticket Cc Emails\",\"items\":{\"cc_email\":{\"title\":\"cc_email\",\"type\":\"string\"}}},\"fwd_emails\":{\"title\":\"fwd_emails\",\"type\":\"array\",\"displayTitle\":\"Forwarded Emails\",\"items\":{}},\"reply_cc_emails\":{\"title\":\"reply_cc_emails\",\"type\":\"array\",\"displayTitle\":\"Reply Cc Emails\",\"items\":{\"reply_email\":{\"title\":\"reply_cc_email\",\"type\":\"string\"}}},\"fr_escalated\":{\"title\":\"fr_escalated\",\"type\":\"boolean\",\"displayTitle\":\"From Escalated\"},\"spam\":{\"title\":\"spam\",\"type\":\"boolean\",\"displayTitle\":\"Is Spam\"},\"priority\":{\"title\":\"priority\",\"type\":\"number\",\"displayTitle\":\"Priority\"},\"priority_name\":{\"title\":\"priority_name\",\"type\":\"number\",\"displayTitle\":\"Priority Name\"},\"requester_id\":{\"title\":\"requester_id\",\"type\":\"number\",\"displayTitle\":\"Requester ID\"},\"requester_name\":{\"title\":\"requester_name\",\"type\":\"number\",\"displayTitle\":\"Requester Name\"},\"requester_email\":{\"title\":\"requester_email\",\"type\":\"number\",\"displayTitle\":\"Requester Email\"},\"source\":{\"title\":\"source\",\"type\":\"number\",\"displayTitle\":\"Source\"},\"source_name\":{\"title\":\"source_name\",\"type\":\"number\",\"displayTitle\":\"Source Name\"},\"status\":{\"title\":\"status\",\"type\":\"number\",\"displayTitle\":\"Ticket Status\"},\"status_name\":{\"title\":\"status_name\",\"type\":\"number\",\"displayTitle\":\"Status Name\"},\"subject\":{\"title\":\"subject\",\"type\":\"string\",\"displayTitle\":\"Subject\"},\"id\":{\"title\":\"id\",\"type\":\"number\",\"displayTitle\":\"Ticket ID\"},\"due_by\":{\"title\":\"due_by\",\"type\":\"string\",\"displayTitle\":\"Due By\"},\"fr_due_by\":{\"title\":\"fr_due_by\",\"type\":\"string\",\"displayTitle\":\"First Due By\"},\"is_escalated\":{\"title\":\"is_escalated\",\"type\":\"boolean\",\"displayTitle\":\"Is Escalated\"},\"description\":{\"title\":\"description\",\"type\":\"string\",\"displayTitle\":\"Description\"},\"description_text\":{\"title\":\"description_text\",\"type\":\"string\",\"displayTitle\":\"Description Text\"},\"custom_fields\":{\"title\":\"custom_fields\",\"type\":\"object\",\"displayTitle\":\"Custom Fields\",\"properties\":{}},\"created_at\":{\"title\":\"created_at\",\"type\":\"string\",\"displayTitle\":\"Created At\"},\"updated_at\":{\"title\":\"updated_at\",\"type\":\"string\",\"displayTitle\":\"Updated At\"},\"tags\":{\"title\":\"tags\",\"type\":\"array\",\"displayTitle\":\"Tags\",\"items\":{}},\"attachments\":{\"title\":\"attachments\",\"displayTitle\":\"Attachments\",\"type\":\"array\",\"items\":{\"title\":\"items\",\"type\":\"object\",\"properties\":{\"id\":{\"title\":\"id\",\"type\":\"string\",\"displayTitle\":\"Attachment ID\"},\"content_type\":{\"title\":\"content_type\",\"type\":\"string\",\"displayTitle\":\"Attachment Content Type\"},\"size\":{\"title\":\"size\",\"type\":\"string\",\"displayTitle\":\"Attachment Size\"},\"name\":{\"title\":\"name\",\"type\":\"string\",\"displayTitle\":\"Attachment Name\"},\"attachment_url\":{\"title\":\"attachment_url\",\"type\":\"string\",\"displayTitle\":\"Attachment URL\"},\"created_at\":{\"title\":\"created_at\",\"type\":\"string\",\"displayTitle\":\"Attachment Created At\"},\"updated_at\":{\"title\":\"updated_at\",\"type\":\"string\",\"displayTitle\":\"Attachment Updated At\"}}}}}}","version":"v4","title":"Create Ticket"},{"label":"Create Ticket","usage":{"link":{"title":"Doc Link","href":"https://flowdocs.built.io/services/freshdesk"},"html":"Create a new ticket"},"icon":"freshdesk","act_type":"default","provider":"Freshdesk","category":"service","position":{"x":442,"y":180},"type":"freshdesk-ticket-create","id":"a0","next":["c2"],"prev":["c0"],"hasError":false,"original_label":"Freshdesk","published":true,"hide_settings":false,"marketing_category":["project management"],"uid":"actf46a40845b4d9166c099ce27fc7cecb5e223","name":"freshdesk-ticket-create","input":"{\"title\":\"Create Ticket\",\"type\":\"object\",\"properties\":{\"connection\":{\"title\":\"Connect to Freshdesk\",\"type\":\"string\",\"minLength\":1,\"connection\":\"freshdesk\",\"propertyOrder\":1},\"name\":{\"type\":\"string\",\"title\":\"Requester Name\",\"description\":\"Enter the name of the requester\",\"propertyOrder\":2},\"email\":{\"type\":\"string\",\"title\":\"Requester Email\",\"minLength\":1,\"description\":\"Enter the email address of the requester. If no contact exists with this email address in your Freshdesk account, it will be added as a new contact\",\"propertyOrder\":3,\"lookup\":{\"service\":\"freshdesk\",\"id\":\"f11\",\"searchable\":false,\"enabled\":true,\"auth\":\"connection\",\"dependencies\":[\"connection\"]}},\"subject\":{\"title\":\"Subject\",\"type\":\"string\",\"minLength\":1,\"description\":\"Enter the subject of the ticket you wish to create\",\"propertyOrder\":4},\"description\":{\"title\":\"Description\",\"type\":\"string\",\"format\":\"textarea\",\"minLength\":1,\"description\":\"Provide a short description of the ticket\",\"propertyOrder\":5},\"cc_emails\":{\"title\":\"Cc Emails\",\"type\":\"array\",\"description\":\"Enter the comma separated email addresses to whom you wish to send a copy of this ticket\",\"propertyOrder\":6,\"items\":{\"title\":\"Email\",\"type\":\"string\",\"lookup\":{\"service\":\"freshdesk\",\"id\":\"f11\",\"searchable\":false,\"enabled\":true,\"auth\":\"connection\",\"dependencies\":[\"connection\"]}}},\"status\":{\"title\":\"Status\",\"type\":\"string\",\"minLength\":1,\"description\":\"Select the status of the ticket.\",\"lookup\":{\"service\":\"freshdesk\",\"id\":\"f13\",\"searchable\":false,\"enabled\":true,\"auth\":\"connection\",\"dependencies\":[\"connection\"]},\"propertyOrder\":8},\"priority\":{\"title\":\"Priority\",\"type\":\"string\",\"minLength\":1,\"default\":\"Low\",\"enum\":[\"Low\",\"Medium\",\"High\",\"Urgent\"],\"select2\":{\"active\":true},\"description\":\"Select the priority of the ticket. The default value for this field is set to ‘Low’\",\"propertyOrder\":9},\"source\":{\"title\":\"Source\",\"type\":\"string\",\"default\":\"Portal\",\"enum\":[\"Email\",\"Portal\",\"Phone\",\"Chat\",\"MobiHelp\",\"Feedback Widget\",\"Outbound Email\"],\"select2\":{\"active\":true},\"description\":\"Select the channel through which the ticket was created. The default value for this field is set to ‘Portal’\",\"propertyOrder\":10},\"custom_fields\":{\"title\":\"Custom Fields\",\"type\":\"array\",\"description\":\"Key value pairs containing the names and values of custom fields\",\"propertyOrder\":11,\"minItems\":1,\"items\":{\"type\":\"object\",\"title\":\"Label Name\",\"properties\":{\"custom_key\":{\"title\":\"Field Name\",\"type\":\"string\",\"description\":\"Provide the name of the field you wish to add. The field name should be the same as field name in the <a target='blank' href='https://support.freshdesk.com/support/solutions/articles/216548'>UI/API</a> docs\"},\"custom_value\":{\"title\":\"Value\",\"type\":\"string\",\"description\":\"Enter the value for the specified UI field\"}}}},\"additional_params\":{\"title\":\"Additional Fields\",\"description\":\"(List of additional fields (key value fields) present in the UI of 'Freshdesk' service to be added)\",\"type\":\"array\",\"propertyOrder\":12,\"items\":{\"type\":\"object\",\"title\":\"Parameter\",\"properties\":{\"param_name\":{\"title\":\"Field Name\",\"type\":\"string\",\"description\":\"Provide the name of the field you wish to add. The field name should be the same as field name in the <a target= 'blank' href ='https://developers.freshdesk.com/api/#create_ticket'>UI/API</a> docs\"},\"param_value\":{\"title\":\"Value\",\"type\":\"string\",\"description\":\"Enter the value for the specified UI field\"}}}}}}","output":"{\"title\":\"output\",\"type\":\"object\",\"properties\":{\"cc_emails\":{\"title\":\"cc_emails\",\"type\":\"array\",\"displayTitle\":\"Ticket Cc Emails\",\"items\":{\"cc_email\":{\"title\":\"cc_email\",\"type\":\"string\"}}},\"fwd_emails\":{\"title\":\"fwd_emails\",\"type\":\"array\",\"displayTitle\":\"Forwarded Emails\",\"items\":{}},\"reply_cc_emails\":{\"title\":\"reply_cc_emails\",\"type\":\"array\",\"displayTitle\":\"Reply Cc Emails\",\"items\":{\"reply_email\":{\"title\":\"reply_cc_email\",\"type\":\"string\"}}},\"fr_escalated\":{\"title\":\"fr_escalated\",\"type\":\"boolean\",\"displayTitle\":\"From Escalated\"},\"spam\":{\"title\":\"spam\",\"type\":\"boolean\",\"displayTitle\":\"Is Spam\"},\"priority\":{\"title\":\"priority\",\"type\":\"number\",\"displayTitle\":\"Priority\"},\"priority_name\":{\"title\":\"priority_name\",\"type\":\"number\",\"displayTitle\":\"Priority Name\"},\"requester_id\":{\"title\":\"requester_id\",\"type\":\"number\",\"displayTitle\":\"Requester ID\"},\"requester_name\":{\"title\":\"requester_name\",\"type\":\"number\",\"displayTitle\":\"Requester Name\"},\"requester_email\":{\"title\":\"requester_email\",\"type\":\"number\",\"displayTitle\":\"Requester Email\"},\"source\":{\"title\":\"source\",\"type\":\"number\",\"displayTitle\":\"Source\"},\"source_name\":{\"title\":\"source_name\",\"type\":\"number\",\"displayTitle\":\"Source Name\"},\"status\":{\"title\":\"status\",\"type\":\"number\",\"displayTitle\":\"Ticket Status\"},\"status_name\":{\"title\":\"status_name\",\"type\":\"number\",\"displayTitle\":\"Status Name\"},\"subject\":{\"title\":\"subject\",\"type\":\"string\",\"displayTitle\":\"Subject\"},\"id\":{\"title\":\"id\",\"type\":\"number\",\"displayTitle\":\"Ticket ID\"},\"due_by\":{\"title\":\"due_by\",\"type\":\"string\",\"displayTitle\":\"Due By\"},\"fr_due_by\":{\"title\":\"fr_due_by\",\"type\":\"string\",\"displayTitle\":\"First Due By\"},\"is_escalated\":{\"title\":\"is_escalated\",\"type\":\"boolean\",\"displayTitle\":\"Is Escalated\"},\"description\":{\"title\":\"description\",\"type\":\"string\",\"displayTitle\":\"Description\"},\"description_text\":{\"title\":\"description_text\",\"type\":\"string\",\"displayTitle\":\"Description Text\"},\"custom_fields\":{\"title\":\"custom_fields\",\"type\":\"object\",\"displayTitle\":\"Custom Fields\",\"properties\":{}},\"created_at\":{\"title\":\"created_at\",\"type\":\"string\",\"displayTitle\":\"Created At\"},\"updated_at\":{\"title\":\"updated_at\",\"type\":\"string\",\"displayTitle\":\"Updated At\"},\"tags\":{\"title\":\"tags\",\"type\":\"array\",\"displayTitle\":\"Tags\",\"items\":{}},\"attachments\":{\"title\":\"attachments\",\"displayTitle\":\"Attachments\",\"type\":\"array\",\"items\":{\"title\":\"items\",\"type\":\"object\",\"properties\":{\"id\":{\"title\":\"id\",\"type\":\"string\",\"displayTitle\":\"Attachment ID\"},\"content_type\":{\"title\":\"content_type\",\"type\":\"string\",\"displayTitle\":\"Attachment Content Type\"},\"size\":{\"title\":\"size\",\"type\":\"string\",\"displayTitle\":\"Attachment Size\"},\"name\":{\"title\":\"name\",\"type\":\"string\",\"displayTitle\":\"Attachment Name\"},\"attachment_url\":{\"title\":\"attachment_url\",\"type\":\"string\",\"displayTitle\":\"Attachment URL\"},\"created_at\":{\"title\":\"created_at\",\"type\":\"string\",\"displayTitle\":\"Attachment Created At\"},\"updated_at\":{\"title\":\"updated_at\",\"type\":\"string\",\"displayTitle\":\"Attachment Updated At\"}}}}}}","version":"v4","title":"Create Ticket"}],"uid":"flb4835cef5368047a439da3","refid":"1XvV18Ugxy","features":{"retry":{"enable":false,"max_attempts":3},"checkpoint":{"enable":false}},"mask":{"input":{"ga10":[],"a2":[],"a0":[]},"output":{"ga10":[],"a2":[],"a0":[]}},"description":"","tags":[],"webhook_settings":{"show_auth":false,"auth_type":"user_auth","webhook_auth":{"type":"basic","auth":{"user_name":"","password":""}},"webhook_token":{"type":"authtoken","auth":{"token":""}}},"config_data":[{"action_data":{"_$act":["ga10"],"_$pos":{"height":350,"width":700}},"activity_id":"a1","type":"action_data","flow_version":1},{"action_data":{"or":[]},"activity_id":"gca11","type":"action_data","flow_version":1},{"action_data":{"logs":["{{$trigger}}"],"$input_expre$$ion":[],"$lookup_label$$":{}},"activity_id":"a2","type":"action_data","flow_version":1},{"type":"connection","activity_id":"start","action":"Start","service":"Cumulocity","provider":"cumulocity_v3","name":"Cumulocity #1","trigger":"lstnr-938d7055-0c30-4a43-9661-b9c1507faa98","connection":"uconn02754543c315f49ebbbc40bda01d115ce257c595","flow_version":1},{"action_data":{"or":[]},"activity_id":"gca10","type":"action_data","flow_version":1},{"type":"connection","activity_id":"ga10","action":"Create Ticket","service":"Freshdesk","provider":"freshdesk","version":"v4","name":"Freshdesk #1","connection":"uconn791130f89d41104d2541ecaa3c49c77c30495042","flow_version":1},{"action_data":{"or":[]},"activity_id":"c3","type":"action_data","flow_version":1},{"action_data":{"or":[]},"activity_id":"c0","type":"action_data","flow_version":1},{"action_data":{"or":[]},"activity_id":"c2","type":"action_data","flow_version":1},{"action_data":{"connection":"{{$config.connection.uconn791130f89d41104d2541ecaa3c49c77c30495042.handle}}","_connection":"{{$config.connection.uconn791130f89d41104d2541ecaa3c49c77c30495042}}","name":"Emily Dean","email":"emily.dean@freshdesk.com","subject":"An IOT Alert has been created take neccessary action{{$trigger.severity}}{{$trigger.id}}","description":"An IOT Alert has been created take neccessary action{{$trigger.severity}}{{$trigger.id}}","cc_emails":[],"status":"2","priority":"High","source":"Portal","custom_fields":[{"custom_key":"","custom_value":""}],"additional_params":[],"$input_expre$$ion":[],"$lookup_label$$":{"email":"Emily Dean","status":"Open"}},"activity_id":"a0","type":"action_data","flow_version":1},{"type":"connection","activity_id":"a0","action":"Create Ticket","service":"Freshdesk","provider":"freshdesk","version":"v4","name":"Freshdesk #1","connection":"uconn791130f89d41104d2541ecaa3c49c77c30495042","flow_version":1},{"action_data":{"connection":"{{$config.connection.uconn791130f89d41104d2541ecaa3c49c77c30495042.handle}}","_connection":"{{$config.connection.uconn791130f89d41104d2541ecaa3c49c77c30495042}}","name":"James","email":"james@freshdesk.com","subject":"Error in Cumulocity To Freshdesk work flow","description":"Error in the workflow check the connection ","cc_emails":[],"status":"2","priority":"Low","source":"Portal","custom_fields":[{"custom_key":"","custom_value":""}],"additional_params":[],"$input_expre$$ion":[],"$lookup_label$$":{"email":"James Dean","status":"Open"}},"activity_id":"ga10","type":"action_data","flow_version":1}],"custom_connector":[]}}